Copyright 1986-2022 Xilinx, Inc. All Rights Reserved. Copyright 2022-2024 Advanced Micro Devices, Inc. All Rights Reserved.
---------------------------------------------------------------------------------------------------------------------------------------------
| Tool Version : Vivado v.2024.2 (lin64) Build 5239630 Fri Nov 08 22:34:34 MST 2024
| Date         : Tue Nov  4 14:22:37 2025
| Host         : mike10-virtual-machine running 64-bit Ubuntu 22.04.5 LTS
| Command      : report_utilization -hierarchical -file util_hier.rpt
| Design       : uninasoc
| Device       : xc7a100tcsg324-1
| Speed File   : -1
| Design State : Synthesized
---------------------------------------------------------------------------------------------------------------------------------------------

Utilization Design Information

Table of Contents
-----------------
1. Utilization by Hierarchy

1. Utilization by Hierarchy
---------------------------

+--------------------------------------------------------------------------------------------+--------------------------------------------------------------------------------------------------------+------------+------------+---------+------+-------+--------+--------+------------+
|                                          Instance                                          |                                                 Module                                                 | Total LUTs | Logic LUTs | LUTRAMs | SRLs |  FFs  | RAMB36 | RAMB18 | DSP Blocks |
+--------------------------------------------------------------------------------------------+--------------------------------------------------------------------------------------------------------+------------+------------+---------+------+-------+--------+--------+------------+
| uninasoc                                                                                   |                                                                                                  (top) |      13792 |      13288 |     326 |  178 | 11595 |     12 |      2 |          5 |
|   (uninasoc)                                                                               |                                                                                                  (top) |          0 |          0 |       0 |    0 |     0 |      0 |      0 |          0 |
|   bram_u                                                                                   |                                                                                     xlnx_blk_mem_gen_0 |        188 |        183 |       4 |    1 |   110 |      8 |      0 |          0 |
|     (bram_u)                                                                               |                                                                                     xlnx_blk_mem_gen_0 |          0 |          0 |       0 |    0 |     0 |      0 |      0 |          0 |
|     U0                                                                                     |                                                                  xlnx_blk_mem_gen_0_blk_mem_gen_v8_4_9 |        188 |        183 |       4 |    1 |   110 |      8 |      0 |          0 |
|       (U0)                                                                                 |                                                                  xlnx_blk_mem_gen_0_blk_mem_gen_v8_4_9 |          0 |          0 |       0 |    0 |     0 |      0 |      0 |          0 |
|       inst_blk_mem_gen                                                                     |                                                            xlnx_blk_mem_gen_0_blk_mem_gen_v8_4_9_synth |        188 |        183 |       4 |    1 |   110 |      8 |      0 |          0 |
|         gnbram.gaxibmg.axi_blk_mem_gen                                                     |                                                                     xlnx_blk_mem_gen_0_blk_mem_gen_top |         22 |         21 |       0 |    1 |    10 |      8 |      0 |          0 |
|           valid.cstr                                                                       |                                                            xlnx_blk_mem_gen_0_blk_mem_gen_generic_cstr |         22 |         21 |       0 |    1 |    10 |      8 |      0 |          0 |
|             has_mux_b.B                                                                    |                                                     xlnx_blk_mem_gen_0_blk_mem_gen_mux__parameterized0 |         17 |         17 |       0 |    0 |     1 |      0 |      0 |          0 |
|             ramloop[0].ram.r                                                               |                                                              xlnx_blk_mem_gen_0_blk_mem_gen_prim_width |          0 |          0 |       0 |    0 |     0 |      1 |      0 |          0 |
|               prim_init.ram                                                                |                                                       xlnx_blk_mem_gen_0_blk_mem_gen_prim_wrapper_init |          0 |          0 |       0 |    0 |     0 |      1 |      0 |          0 |
|             ramloop[1].ram.r                                                               |                                              xlnx_blk_mem_gen_0_blk_mem_gen_prim_width__parameterized0 |          0 |          0 |       0 |    0 |     0 |      1 |      0 |          0 |
|               prim_init.ram                                                                |                                       xlnx_blk_mem_gen_0_blk_mem_gen_prim_wrapper_init__parameterized0 |          0 |          0 |       0 |    0 |     0 |      1 |      0 |          0 |
|             ramloop[2].ram.r                                                               |                                              xlnx_blk_mem_gen_0_blk_mem_gen_prim_width__parameterized1 |          0 |          0 |       0 |    0 |     0 |      1 |      0 |          0 |
|               prim_init.ram                                                                |                                       xlnx_blk_mem_gen_0_blk_mem_gen_prim_wrapper_init__parameterized1 |          0 |          0 |       0 |    0 |     0 |      1 |      0 |          0 |
|             ramloop[3].ram.r                                                               |                                              xlnx_blk_mem_gen_0_blk_mem_gen_prim_width__parameterized2 |          0 |          0 |       0 |    0 |     0 |      1 |      0 |          0 |
|               prim_init.ram                                                                |                                       xlnx_blk_mem_gen_0_blk_mem_gen_prim_wrapper_init__parameterized2 |          0 |          0 |       0 |    0 |     0 |      1 |      0 |          0 |
|             ramloop[4].ram.r                                                               |                                              xlnx_blk_mem_gen_0_blk_mem_gen_prim_width__parameterized3 |          0 |          0 |       0 |    0 |     0 |      1 |      0 |          0 |
|               prim_init.ram                                                                |                                       xlnx_blk_mem_gen_0_blk_mem_gen_prim_wrapper_init__parameterized3 |          0 |          0 |       0 |    0 |     0 |      1 |      0 |          0 |
|             ramloop[5].ram.r                                                               |                                              xlnx_blk_mem_gen_0_blk_mem_gen_prim_width__parameterized4 |          0 |          0 |       0 |    0 |     0 |      1 |      0 |          0 |
|               prim_init.ram                                                                |                                       xlnx_blk_mem_gen_0_blk_mem_gen_prim_wrapper_init__parameterized4 |          0 |          0 |       0 |    0 |     0 |      1 |      0 |          0 |
|             ramloop[6].ram.r                                                               |                                              xlnx_blk_mem_gen_0_blk_mem_gen_prim_width__parameterized5 |          0 |          0 |       0 |    0 |     0 |      1 |      0 |          0 |
|               prim_init.ram                                                                |                                       xlnx_blk_mem_gen_0_blk_mem_gen_prim_wrapper_init__parameterized5 |          0 |          0 |       0 |    0 |     0 |      1 |      0 |          0 |
|             ramloop[7].ram.r                                                               |                                              xlnx_blk_mem_gen_0_blk_mem_gen_prim_width__parameterized6 |          5 |          4 |       0 |    1 |     9 |      1 |      0 |          0 |
|               (ramloop[7].ram.r)                                                           |                                              xlnx_blk_mem_gen_0_blk_mem_gen_prim_width__parameterized6 |          4 |          3 |       0 |    1 |     9 |      0 |      0 |          0 |
|               prim_init.ram                                                                |                                       xlnx_blk_mem_gen_0_blk_mem_gen_prim_wrapper_init__parameterized6 |          1 |          1 |       0 |    0 |     0 |      1 |      0 |          0 |
|         gnbram.gaxibmg.axi_rd_sm                                                           |                                                            xlnx_blk_mem_gen_0_blk_mem_axi_read_wrapper |         90 |         90 |       0 |    0 |    49 |      0 |      0 |          0 |
|           (gnbram.gaxibmg.axi_rd_sm)                                                       |                                                            xlnx_blk_mem_gen_0_blk_mem_axi_read_wrapper |         19 |         19 |       0 |    0 |    43 |      0 |      0 |          0 |
|           axi_read_fsm                                                                     |                                                                xlnx_blk_mem_gen_0_blk_mem_axi_read_fsm |         71 |         71 |       0 |    0 |     6 |      0 |      0 |          0 |
|         gnbram.gaxibmg.axi_wr_fsm                                                          |                                                           xlnx_blk_mem_gen_0_blk_mem_axi_write_wrapper |         76 |         72 |       4 |    0 |    51 |      0 |      0 |          0 |
|           (gnbram.gaxibmg.axi_wr_fsm)                                                      |                                                           xlnx_blk_mem_gen_0_blk_mem_axi_write_wrapper |         35 |         31 |       4 |    0 |    47 |      0 |      0 |          0 |
|           axi_wr_fsm                                                                       |                                                               xlnx_blk_mem_gen_0_blk_mem_axi_write_fsm |         41 |         41 |       0 |    0 |     4 |      0 |      0 |          0 |
|   dbg_hub                                                                                  |                                                                                             dbg_hub_CV |          0 |          0 |       0 |    0 |     0 |      0 |      0 |          0 |
|   main_xbar_u                                                                              |                                                                                     xlnx_main_crossbar |       2324 |       2286 |       0 |   38 |  1085 |      0 |      0 |          0 |
|     (main_xbar_u)                                                                          |                                                                                     xlnx_main_crossbar |          0 |          0 |       0 |    0 |     0 |      0 |      0 |          0 |
|     inst                                                                                   |                                                   xlnx_main_crossbar_axi_crossbar_v2_1_34_axi_crossbar |       2324 |       2286 |       0 |   38 |  1085 |      0 |      0 |          0 |
|       (inst)                                                                               |                                                   xlnx_main_crossbar_axi_crossbar_v2_1_34_axi_crossbar |          0 |          0 |       0 |    0 |     0 |      0 |      0 |          0 |
|       gen_samd.crossbar_samd                                                               |                                                       xlnx_main_crossbar_axi_crossbar_v2_1_34_crossbar |       2324 |       2286 |       0 |   38 |  1085 |      0 |      0 |          0 |
|         (gen_samd.crossbar_samd)                                                           |                                                       xlnx_main_crossbar_axi_crossbar_v2_1_34_crossbar |          2 |          2 |       0 |    0 |    33 |      0 |      0 |          0 |
|         addr_arbiter_ar                                                                    |                                                   xlnx_main_crossbar_axi_crossbar_v2_1_34_addr_arbiter |        255 |        255 |       0 |    0 |    92 |      0 |      0 |          0 |
|         addr_arbiter_aw                                                                    |                                                 xlnx_main_crossbar_axi_crossbar_v2_1_34_addr_arbiter_0 |        238 |        238 |       0 |    0 |    92 |      0 |      0 |          0 |
|         gen_decerr_slave.decerr_slave_inst                                                 |                                                   xlnx_main_crossbar_axi_crossbar_v2_1_34_decerr_slave |         25 |         25 |       0 |    0 |    25 |      0 |      0 |          0 |
|         gen_master_slots[0].gen_mi_write.wdata_mux_w                                       |                                                      xlnx_main_crossbar_axi_crossbar_v2_1_34_wdata_mux |         99 |         96 |       0 |    3 |     9 |      0 |      0 |          0 |
|           gen_wmux.mux_w                                                                   |                               xlnx_main_crossbar_generic_baseblocks_v2_1_2_mux_enc__parameterized1_100 |         72 |         72 |       0 |    0 |     0 |      0 |      0 |          0 |
|           gen_wmux.wmux_aw_fifo                                                            |                         xlnx_main_crossbar_axi_data_fifo_v2_1_32_axic_reg_srl_fifo__parameterized0_101 |         27 |         24 |       0 |    3 |     9 |      0 |      0 |          0 |
|             (gen_wmux.wmux_aw_fifo)                                                        |                         xlnx_main_crossbar_axi_data_fifo_v2_1_32_axic_reg_srl_fifo__parameterized0_101 |         15 |         15 |       0 |    0 |     9 |      0 |      0 |          0 |
|             gen_srls[0].gen_rep[0].srl_nx1                                                 |                                                 xlnx_main_crossbar_axi_data_fifo_v2_1_32_ndeep_srl_102 |          2 |          1 |       0 |    1 |     0 |      0 |      0 |          0 |
|             gen_srls[0].gen_rep[1].srl_nx1                                                 |                                                 xlnx_main_crossbar_axi_data_fifo_v2_1_32_ndeep_srl_103 |          2 |          1 |       0 |    1 |     0 |      0 |      0 |          0 |
|             gen_srls[0].gen_rep[2].srl_nx1                                                 |                                                 xlnx_main_crossbar_axi_data_fifo_v2_1_32_ndeep_srl_104 |          8 |          7 |       0 |    1 |     0 |      0 |      0 |          0 |
|         gen_master_slots[0].reg_slice_mi                                                   |                                       xlnx_main_crossbar_axi_register_slice_v2_1_33_axi_register_slice |         93 |         93 |       0 |    0 |    88 |      0 |      0 |          0 |
|           b.b_pipe                                                                         |                   xlnx_main_crossbar_axi_register_slice_v2_1_33_axic_register_slice__parameterized1_98 |         36 |         36 |       0 |    0 |     8 |      0 |      0 |          0 |
|           r.r_pipe                                                                         |                   xlnx_main_crossbar_axi_register_slice_v2_1_33_axic_register_slice__parameterized2_99 |         57 |         57 |       0 |    0 |    80 |      0 |      0 |          0 |
|         gen_master_slots[1].gen_mi_write.wdata_mux_w                                       |                                                    xlnx_main_crossbar_axi_crossbar_v2_1_34_wdata_mux_1 |         99 |         96 |       0 |    3 |     9 |      0 |      0 |          0 |
|           gen_wmux.mux_w                                                                   |                                xlnx_main_crossbar_generic_baseblocks_v2_1_2_mux_enc__parameterized1_93 |         72 |         72 |       0 |    0 |     0 |      0 |      0 |          0 |
|           gen_wmux.wmux_aw_fifo                                                            |                          xlnx_main_crossbar_axi_data_fifo_v2_1_32_axic_reg_srl_fifo__parameterized0_94 |         27 |         24 |       0 |    3 |     9 |      0 |      0 |          0 |
|             (gen_wmux.wmux_aw_fifo)                                                        |                          xlnx_main_crossbar_axi_data_fifo_v2_1_32_axic_reg_srl_fifo__parameterized0_94 |         15 |         15 |       0 |    0 |     9 |      0 |      0 |          0 |
|             gen_srls[0].gen_rep[0].srl_nx1                                                 |                                                  xlnx_main_crossbar_axi_data_fifo_v2_1_32_ndeep_srl_95 |          2 |          1 |       0 |    1 |     0 |      0 |      0 |          0 |
|             gen_srls[0].gen_rep[1].srl_nx1                                                 |                                                  xlnx_main_crossbar_axi_data_fifo_v2_1_32_ndeep_srl_96 |          2 |          1 |       0 |    1 |     0 |      0 |      0 |          0 |
|             gen_srls[0].gen_rep[2].srl_nx1                                                 |                                                  xlnx_main_crossbar_axi_data_fifo_v2_1_32_ndeep_srl_97 |          8 |          7 |       0 |    1 |     0 |      0 |      0 |          0 |
|         gen_master_slots[1].reg_slice_mi                                                   |                                     xlnx_main_crossbar_axi_register_slice_v2_1_33_axi_register_slice_2 |         69 |         69 |       0 |    0 |    88 |      0 |      0 |          0 |
|           b.b_pipe                                                                         |                   xlnx_main_crossbar_axi_register_slice_v2_1_33_axic_register_slice__parameterized1_91 |         24 |         24 |       0 |    0 |     8 |      0 |      0 |          0 |
|           r.r_pipe                                                                         |                   xlnx_main_crossbar_axi_register_slice_v2_1_33_axic_register_slice__parameterized2_92 |         45 |         45 |       0 |    0 |    80 |      0 |      0 |          0 |
|         gen_master_slots[2].gen_mi_write.wdata_mux_w                                       |                                                    xlnx_main_crossbar_axi_crossbar_v2_1_34_wdata_mux_3 |         95 |         92 |       0 |    3 |     9 |      0 |      0 |          0 |
|           gen_wmux.mux_w                                                                   |                                xlnx_main_crossbar_generic_baseblocks_v2_1_2_mux_enc__parameterized1_86 |         72 |         72 |       0 |    0 |     0 |      0 |      0 |          0 |
|           gen_wmux.wmux_aw_fifo                                                            |                          xlnx_main_crossbar_axi_data_fifo_v2_1_32_axic_reg_srl_fifo__parameterized0_87 |         23 |         20 |       0 |    3 |     9 |      0 |      0 |          0 |
|             (gen_wmux.wmux_aw_fifo)                                                        |                          xlnx_main_crossbar_axi_data_fifo_v2_1_32_axic_reg_srl_fifo__parameterized0_87 |         11 |         11 |       0 |    0 |     9 |      0 |      0 |          0 |
|             gen_srls[0].gen_rep[0].srl_nx1                                                 |                                                  xlnx_main_crossbar_axi_data_fifo_v2_1_32_ndeep_srl_88 |          2 |          1 |       0 |    1 |     0 |      0 |      0 |          0 |
|             gen_srls[0].gen_rep[1].srl_nx1                                                 |                                                  xlnx_main_crossbar_axi_data_fifo_v2_1_32_ndeep_srl_89 |          2 |          1 |       0 |    1 |     0 |      0 |      0 |          0 |
|             gen_srls[0].gen_rep[2].srl_nx1                                                 |                                                  xlnx_main_crossbar_axi_data_fifo_v2_1_32_ndeep_srl_90 |          8 |          7 |       0 |    1 |     0 |      0 |      0 |          0 |
|         gen_master_slots[2].reg_slice_mi                                                   |                                     xlnx_main_crossbar_axi_register_slice_v2_1_33_axi_register_slice_4 |        294 |        294 |       0 |    0 |    88 |      0 |      0 |          0 |
|           b.b_pipe                                                                         |                   xlnx_main_crossbar_axi_register_slice_v2_1_33_axic_register_slice__parameterized1_84 |         44 |         44 |       0 |    0 |     8 |      0 |      0 |          0 |
|           r.r_pipe                                                                         |                   xlnx_main_crossbar_axi_register_slice_v2_1_33_axic_register_slice__parameterized2_85 |        250 |        250 |       0 |    0 |    80 |      0 |      0 |          0 |
|         gen_master_slots[3].gen_mi_write.wdata_mux_w                                       |                                                    xlnx_main_crossbar_axi_crossbar_v2_1_34_wdata_mux_5 |         99 |         96 |       0 |    3 |     9 |      0 |      0 |          0 |
|           gen_wmux.mux_w                                                                   |                                xlnx_main_crossbar_generic_baseblocks_v2_1_2_mux_enc__parameterized1_79 |         72 |         72 |       0 |    0 |     0 |      0 |      0 |          0 |
|           gen_wmux.wmux_aw_fifo                                                            |                          xlnx_main_crossbar_axi_data_fifo_v2_1_32_axic_reg_srl_fifo__parameterized0_80 |         27 |         24 |       0 |    3 |     9 |      0 |      0 |          0 |
|             (gen_wmux.wmux_aw_fifo)                                                        |                          xlnx_main_crossbar_axi_data_fifo_v2_1_32_axic_reg_srl_fifo__parameterized0_80 |         15 |         15 |       0 |    0 |     9 |      0 |      0 |          0 |
|             gen_srls[0].gen_rep[0].srl_nx1                                                 |                                                  xlnx_main_crossbar_axi_data_fifo_v2_1_32_ndeep_srl_81 |          2 |          1 |       0 |    1 |     0 |      0 |      0 |          0 |
|             gen_srls[0].gen_rep[1].srl_nx1                                                 |                                                  xlnx_main_crossbar_axi_data_fifo_v2_1_32_ndeep_srl_82 |          2 |          1 |       0 |    1 |     0 |      0 |      0 |          0 |
|             gen_srls[0].gen_rep[2].srl_nx1                                                 |                                                  xlnx_main_crossbar_axi_data_fifo_v2_1_32_ndeep_srl_83 |          8 |          7 |       0 |    1 |     0 |      0 |      0 |          0 |
|         gen_master_slots[3].reg_slice_mi                                                   |                                     xlnx_main_crossbar_axi_register_slice_v2_1_33_axi_register_slice_6 |         50 |         50 |       0 |    0 |    88 |      0 |      0 |          0 |
|           b.b_pipe                                                                         |                   xlnx_main_crossbar_axi_register_slice_v2_1_33_axic_register_slice__parameterized1_77 |         14 |         14 |       0 |    0 |     8 |      0 |      0 |          0 |
|           r.r_pipe                                                                         |                   xlnx_main_crossbar_axi_register_slice_v2_1_33_axic_register_slice__parameterized2_78 |         36 |         36 |       0 |    0 |    80 |      0 |      0 |          0 |
|         gen_master_slots[4].gen_mi_write.wdata_mux_w                                       |                                                    xlnx_main_crossbar_axi_crossbar_v2_1_34_wdata_mux_7 |         96 |         93 |       0 |    3 |     9 |      0 |      0 |          0 |
|           gen_wmux.mux_w                                                                   |                                   xlnx_main_crossbar_generic_baseblocks_v2_1_2_mux_enc__parameterized1 |         72 |         72 |       0 |    0 |     0 |      0 |      0 |          0 |
|           gen_wmux.wmux_aw_fifo                                                            |                          xlnx_main_crossbar_axi_data_fifo_v2_1_32_axic_reg_srl_fifo__parameterized0_73 |         24 |         21 |       0 |    3 |     9 |      0 |      0 |          0 |
|             (gen_wmux.wmux_aw_fifo)                                                        |                          xlnx_main_crossbar_axi_data_fifo_v2_1_32_axic_reg_srl_fifo__parameterized0_73 |         12 |         12 |       0 |    0 |     9 |      0 |      0 |          0 |
|             gen_srls[0].gen_rep[0].srl_nx1                                                 |                                                  xlnx_main_crossbar_axi_data_fifo_v2_1_32_ndeep_srl_74 |          2 |          1 |       0 |    1 |     0 |      0 |      0 |          0 |
|             gen_srls[0].gen_rep[1].srl_nx1                                                 |                                                  xlnx_main_crossbar_axi_data_fifo_v2_1_32_ndeep_srl_75 |          2 |          1 |       0 |    1 |     0 |      0 |      0 |          0 |
|             gen_srls[0].gen_rep[2].srl_nx1                                                 |                                                  xlnx_main_crossbar_axi_data_fifo_v2_1_32_ndeep_srl_76 |          8 |          7 |       0 |    1 |     0 |      0 |      0 |          0 |
|         gen_master_slots[4].reg_slice_mi                                                   |                                     xlnx_main_crossbar_axi_register_slice_v2_1_33_axi_register_slice_8 |        146 |        146 |       0 |    0 |    90 |      0 |      0 |          0 |
|           b.b_pipe                                                                         |                   xlnx_main_crossbar_axi_register_slice_v2_1_33_axic_register_slice__parameterized1_71 |         28 |         28 |       0 |    0 |    10 |      0 |      0 |          0 |
|           r.r_pipe                                                                         |                   xlnx_main_crossbar_axi_register_slice_v2_1_33_axic_register_slice__parameterized2_72 |        118 |        118 |       0 |    0 |    80 |      0 |      0 |          0 |
|         gen_master_slots[5].gen_mi_write.wdata_mux_w                                       |                                                    xlnx_main_crossbar_axi_crossbar_v2_1_34_wdata_mux_9 |         23 |         20 |       0 |    3 |     9 |      0 |      0 |          0 |
|           gen_wmux.wmux_aw_fifo                                                            |                             xlnx_main_crossbar_axi_data_fifo_v2_1_32_axic_reg_srl_fifo__parameterized0 |         23 |         20 |       0 |    3 |     9 |      0 |      0 |          0 |
|             (gen_wmux.wmux_aw_fifo)                                                        |                             xlnx_main_crossbar_axi_data_fifo_v2_1_32_axic_reg_srl_fifo__parameterized0 |         15 |         15 |       0 |    0 |     9 |      0 |      0 |          0 |
|             gen_srls[0].gen_rep[0].srl_nx1                                                 |                                                  xlnx_main_crossbar_axi_data_fifo_v2_1_32_ndeep_srl_68 |          2 |          1 |       0 |    1 |     0 |      0 |      0 |          0 |
|             gen_srls[0].gen_rep[1].srl_nx1                                                 |                                                  xlnx_main_crossbar_axi_data_fifo_v2_1_32_ndeep_srl_69 |          2 |          1 |       0 |    1 |     0 |      0 |      0 |          0 |
|             gen_srls[0].gen_rep[2].srl_nx1                                                 |                                                  xlnx_main_crossbar_axi_data_fifo_v2_1_32_ndeep_srl_70 |          4 |          3 |       0 |    1 |     0 |      0 |      0 |          0 |
|         gen_master_slots[5].reg_slice_mi                                                   |                                    xlnx_main_crossbar_axi_register_slice_v2_1_33_axi_register_slice_10 |        153 |        153 |       0 |    0 |    19 |      0 |      0 |          0 |
|           b.b_pipe                                                                         |                      xlnx_main_crossbar_axi_register_slice_v2_1_33_axic_register_slice__parameterized1 |         23 |         23 |       0 |    0 |     6 |      0 |      0 |          0 |
|           r.r_pipe                                                                         |                      xlnx_main_crossbar_axi_register_slice_v2_1_33_axic_register_slice__parameterized2 |        130 |        130 |       0 |    0 |    13 |      0 |      0 |          0 |
|         gen_slave_slots[0].gen_si_read.si_transactor_ar                                    |                                                  xlnx_main_crossbar_axi_crossbar_v2_1_34_si_transactor |         30 |         30 |       0 |    0 |    26 |      0 |      0 |          0 |
|           (gen_slave_slots[0].gen_si_read.si_transactor_ar)                                |                                                  xlnx_main_crossbar_axi_crossbar_v2_1_34_si_transactor |         10 |         10 |       0 |    0 |    14 |      0 |      0 |          0 |
|           gen_multi_thread.arbiter_resp_inst                                               |                                                xlnx_main_crossbar_axi_crossbar_v2_1_34_arbiter_resp_66 |         10 |         10 |       0 |    0 |    12 |      0 |      0 |          0 |
|           gen_multi_thread.mux_resp_multi_thread                                           |                                                xlnx_main_crossbar_generic_baseblocks_v2_1_2_mux_enc_67 |         10 |         10 |       0 |    0 |     0 |      0 |      0 |          0 |
|         gen_slave_slots[0].gen_si_write.si_transactor_aw                                   |                                  xlnx_main_crossbar_axi_crossbar_v2_1_34_si_transactor__parameterized0 |         35 |         35 |       0 |    0 |    26 |      0 |      0 |          0 |
|           (gen_slave_slots[0].gen_si_write.si_transactor_aw)                               |                                  xlnx_main_crossbar_axi_crossbar_v2_1_34_si_transactor__parameterized0 |          9 |          9 |       0 |    0 |    14 |      0 |      0 |          0 |
|           gen_multi_thread.arbiter_resp_inst                                               |                                                xlnx_main_crossbar_axi_crossbar_v2_1_34_arbiter_resp_64 |         16 |         16 |       0 |    0 |    12 |      0 |      0 |          0 |
|           gen_multi_thread.mux_resp_multi_thread                                           |                                xlnx_main_crossbar_generic_baseblocks_v2_1_2_mux_enc__parameterized0_65 |         10 |         10 |       0 |    0 |     0 |      0 |      0 |          0 |
|         gen_slave_slots[0].gen_si_write.splitter_aw_si                                     |                                                       xlnx_main_crossbar_axi_crossbar_v2_1_34_splitter |          3 |          3 |       0 |    0 |     2 |      0 |      0 |          0 |
|         gen_slave_slots[0].gen_si_write.wdata_router_w                                     |                                                   xlnx_main_crossbar_axi_crossbar_v2_1_34_wdata_router |         29 |         25 |       0 |    4 |    11 |      0 |      0 |          0 |
|           wrouter_aw_fifo                                                                  |                                          xlnx_main_crossbar_axi_data_fifo_v2_1_32_axic_reg_srl_fifo_59 |         29 |         25 |       0 |    4 |    11 |      0 |      0 |          0 |
|             (wrouter_aw_fifo)                                                              |                                          xlnx_main_crossbar_axi_data_fifo_v2_1_32_axic_reg_srl_fifo_59 |         16 |         16 |       0 |    0 |    11 |      0 |      0 |          0 |
|             gen_srls[0].gen_rep[0].srl_nx1                                                 |                                                  xlnx_main_crossbar_axi_data_fifo_v2_1_32_ndeep_srl_60 |          3 |          2 |       0 |    1 |     0 |      0 |      0 |          0 |
|             gen_srls[0].gen_rep[1].srl_nx1                                                 |                                                  xlnx_main_crossbar_axi_data_fifo_v2_1_32_ndeep_srl_61 |          3 |          2 |       0 |    1 |     0 |      0 |      0 |          0 |
|             gen_srls[0].gen_rep[2].srl_nx1                                                 |                                                  xlnx_main_crossbar_axi_data_fifo_v2_1_32_ndeep_srl_62 |          2 |          1 |       0 |    1 |     0 |      0 |      0 |          0 |
|             gen_srls[0].gen_rep[3].srl_nx1                                                 |                                                  xlnx_main_crossbar_axi_data_fifo_v2_1_32_ndeep_srl_63 |          5 |          4 |       0 |    1 |     0 |      0 |      0 |          0 |
|         gen_slave_slots[1].gen_si_read.si_transactor_ar                                    |                                               xlnx_main_crossbar_axi_crossbar_v2_1_34_si_transactor_11 |         31 |         31 |       0 |    0 |    26 |      0 |      0 |          0 |
|           (gen_slave_slots[1].gen_si_read.si_transactor_ar)                                |                                               xlnx_main_crossbar_axi_crossbar_v2_1_34_si_transactor_11 |         10 |         10 |       0 |    0 |    14 |      0 |      0 |          0 |
|           gen_multi_thread.arbiter_resp_inst                                               |                                                xlnx_main_crossbar_axi_crossbar_v2_1_34_arbiter_resp_57 |         10 |         10 |       0 |    0 |    12 |      0 |      0 |          0 |
|           gen_multi_thread.mux_resp_multi_thread                                           |                                                xlnx_main_crossbar_generic_baseblocks_v2_1_2_mux_enc_58 |         11 |         11 |       0 |    0 |     0 |      0 |      0 |          0 |
|         gen_slave_slots[1].gen_si_write.si_transactor_aw                                   |                               xlnx_main_crossbar_axi_crossbar_v2_1_34_si_transactor__parameterized0_12 |         36 |         36 |       0 |    0 |    26 |      0 |      0 |          0 |
|           (gen_slave_slots[1].gen_si_write.si_transactor_aw)                               |                               xlnx_main_crossbar_axi_crossbar_v2_1_34_si_transactor__parameterized0_12 |          9 |          9 |       0 |    0 |    14 |      0 |      0 |          0 |
|           gen_multi_thread.arbiter_resp_inst                                               |                                                xlnx_main_crossbar_axi_crossbar_v2_1_34_arbiter_resp_55 |         16 |         16 |       0 |    0 |    12 |      0 |      0 |          0 |
|           gen_multi_thread.mux_resp_multi_thread                                           |                                xlnx_main_crossbar_generic_baseblocks_v2_1_2_mux_enc__parameterized0_56 |         11 |         11 |       0 |    0 |     0 |      0 |      0 |          0 |
|         gen_slave_slots[1].gen_si_write.splitter_aw_si                                     |                                                    xlnx_main_crossbar_axi_crossbar_v2_1_34_splitter_13 |          3 |          3 |       0 |    0 |     2 |      0 |      0 |          0 |
|         gen_slave_slots[1].gen_si_write.wdata_router_w                                     |                                                xlnx_main_crossbar_axi_crossbar_v2_1_34_wdata_router_14 |         29 |         25 |       0 |    4 |    11 |      0 |      0 |          0 |
|           wrouter_aw_fifo                                                                  |                                          xlnx_main_crossbar_axi_data_fifo_v2_1_32_axic_reg_srl_fifo_50 |         29 |         25 |       0 |    4 |    11 |      0 |      0 |          0 |
|             (wrouter_aw_fifo)                                                              |                                          xlnx_main_crossbar_axi_data_fifo_v2_1_32_axic_reg_srl_fifo_50 |         16 |         16 |       0 |    0 |    11 |      0 |      0 |          0 |
|             gen_srls[0].gen_rep[0].srl_nx1                                                 |                                                  xlnx_main_crossbar_axi_data_fifo_v2_1_32_ndeep_srl_51 |          3 |          2 |       0 |    1 |     0 |      0 |      0 |          0 |
|             gen_srls[0].gen_rep[1].srl_nx1                                                 |                                                  xlnx_main_crossbar_axi_data_fifo_v2_1_32_ndeep_srl_52 |          3 |          2 |       0 |    1 |     0 |      0 |      0 |          0 |
|             gen_srls[0].gen_rep[2].srl_nx1                                                 |                                                  xlnx_main_crossbar_axi_data_fifo_v2_1_32_ndeep_srl_53 |          2 |          1 |       0 |    1 |     0 |      0 |      0 |          0 |
|             gen_srls[0].gen_rep[3].srl_nx1                                                 |                                                  xlnx_main_crossbar_axi_data_fifo_v2_1_32_ndeep_srl_54 |          5 |          4 |       0 |    1 |     0 |      0 |      0 |          0 |
|         gen_slave_slots[2].gen_si_read.si_transactor_ar                                    |                                               xlnx_main_crossbar_axi_crossbar_v2_1_34_si_transactor_15 |         29 |         29 |       0 |    0 |    26 |      0 |      0 |          0 |
|           (gen_slave_slots[2].gen_si_read.si_transactor_ar)                                |                                               xlnx_main_crossbar_axi_crossbar_v2_1_34_si_transactor_15 |          9 |          9 |       0 |    0 |    14 |      0 |      0 |          0 |
|           gen_multi_thread.arbiter_resp_inst                                               |                                                xlnx_main_crossbar_axi_crossbar_v2_1_34_arbiter_resp_48 |         14 |         14 |       0 |    0 |    12 |      0 |      0 |          0 |
|           gen_multi_thread.mux_resp_multi_thread                                           |                                                xlnx_main_crossbar_generic_baseblocks_v2_1_2_mux_enc_49 |          6 |          6 |       0 |    0 |     0 |      0 |      0 |          0 |
|         gen_slave_slots[2].gen_si_write.si_transactor_aw                                   |                               xlnx_main_crossbar_axi_crossbar_v2_1_34_si_transactor__parameterized0_16 |         34 |         34 |       0 |    0 |    26 |      0 |      0 |          0 |
|           (gen_slave_slots[2].gen_si_write.si_transactor_aw)                               |                               xlnx_main_crossbar_axi_crossbar_v2_1_34_si_transactor__parameterized0_16 |          8 |          8 |       0 |    0 |    14 |      0 |      0 |          0 |
|           gen_multi_thread.arbiter_resp_inst                                               |                                                xlnx_main_crossbar_axi_crossbar_v2_1_34_arbiter_resp_46 |         20 |         20 |       0 |    0 |    12 |      0 |      0 |          0 |
|           gen_multi_thread.mux_resp_multi_thread                                           |                                xlnx_main_crossbar_generic_baseblocks_v2_1_2_mux_enc__parameterized0_47 |          6 |          6 |       0 |    0 |     0 |      0 |      0 |          0 |
|         gen_slave_slots[2].gen_si_write.splitter_aw_si                                     |                                                    xlnx_main_crossbar_axi_crossbar_v2_1_34_splitter_17 |          3 |          3 |       0 |    0 |     2 |      0 |      0 |          0 |
|         gen_slave_slots[2].gen_si_write.wdata_router_w                                     |                                                xlnx_main_crossbar_axi_crossbar_v2_1_34_wdata_router_18 |         31 |         27 |       0 |    4 |    11 |      0 |      0 |          0 |
|           wrouter_aw_fifo                                                                  |                                          xlnx_main_crossbar_axi_data_fifo_v2_1_32_axic_reg_srl_fifo_41 |         31 |         27 |       0 |    4 |    11 |      0 |      0 |          0 |
|             (wrouter_aw_fifo)                                                              |                                          xlnx_main_crossbar_axi_data_fifo_v2_1_32_axic_reg_srl_fifo_41 |         16 |         16 |       0 |    0 |    11 |      0 |      0 |          0 |
|             gen_srls[0].gen_rep[0].srl_nx1                                                 |                                                  xlnx_main_crossbar_axi_data_fifo_v2_1_32_ndeep_srl_42 |          3 |          2 |       0 |    1 |     0 |      0 |      0 |          0 |
|             gen_srls[0].gen_rep[1].srl_nx1                                                 |                                                  xlnx_main_crossbar_axi_data_fifo_v2_1_32_ndeep_srl_43 |          3 |          2 |       0 |    1 |     0 |      0 |      0 |          0 |
|             gen_srls[0].gen_rep[2].srl_nx1                                                 |                                                  xlnx_main_crossbar_axi_data_fifo_v2_1_32_ndeep_srl_44 |          3 |          2 |       0 |    1 |     0 |      0 |      0 |          0 |
|             gen_srls[0].gen_rep[3].srl_nx1                                                 |                                                  xlnx_main_crossbar_axi_data_fifo_v2_1_32_ndeep_srl_45 |          6 |          5 |       0 |    1 |     0 |      0 |      0 |          0 |
|         gen_slave_slots[3].gen_si_read.si_transactor_ar                                    |                                               xlnx_main_crossbar_axi_crossbar_v2_1_34_si_transactor_19 |         30 |         30 |       0 |    0 |    26 |      0 |      0 |          0 |
|           (gen_slave_slots[3].gen_si_read.si_transactor_ar)                                |                                               xlnx_main_crossbar_axi_crossbar_v2_1_34_si_transactor_19 |         10 |         10 |       0 |    0 |    14 |      0 |      0 |          0 |
|           gen_multi_thread.arbiter_resp_inst                                               |                                                xlnx_main_crossbar_axi_crossbar_v2_1_34_arbiter_resp_39 |         10 |         10 |       0 |    0 |    12 |      0 |      0 |          0 |
|           gen_multi_thread.mux_resp_multi_thread                                           |                                                xlnx_main_crossbar_generic_baseblocks_v2_1_2_mux_enc_40 |         10 |         10 |       0 |    0 |     0 |      0 |      0 |          0 |
|         gen_slave_slots[3].gen_si_write.si_transactor_aw                                   |                               xlnx_main_crossbar_axi_crossbar_v2_1_34_si_transactor__parameterized0_20 |         35 |         35 |       0 |    0 |    26 |      0 |      0 |          0 |
|           (gen_slave_slots[3].gen_si_write.si_transactor_aw)                               |                               xlnx_main_crossbar_axi_crossbar_v2_1_34_si_transactor__parameterized0_20 |          9 |          9 |       0 |    0 |    14 |      0 |      0 |          0 |
|           gen_multi_thread.arbiter_resp_inst                                               |                                                xlnx_main_crossbar_axi_crossbar_v2_1_34_arbiter_resp_37 |         16 |         16 |       0 |    0 |    12 |      0 |      0 |          0 |
|           gen_multi_thread.mux_resp_multi_thread                                           |                                xlnx_main_crossbar_generic_baseblocks_v2_1_2_mux_enc__parameterized0_38 |         10 |         10 |       0 |    0 |     0 |      0 |      0 |          0 |
|         gen_slave_slots[3].gen_si_write.splitter_aw_si                                     |                                                    xlnx_main_crossbar_axi_crossbar_v2_1_34_splitter_21 |          3 |          3 |       0 |    0 |     2 |      0 |      0 |          0 |
|         gen_slave_slots[3].gen_si_write.wdata_router_w                                     |                                                xlnx_main_crossbar_axi_crossbar_v2_1_34_wdata_router_22 |         29 |         25 |       0 |    4 |    11 |      0 |      0 |          0 |
|           wrouter_aw_fifo                                                                  |                                          xlnx_main_crossbar_axi_data_fifo_v2_1_32_axic_reg_srl_fifo_32 |         29 |         25 |       0 |    4 |    11 |      0 |      0 |          0 |
|             (wrouter_aw_fifo)                                                              |                                          xlnx_main_crossbar_axi_data_fifo_v2_1_32_axic_reg_srl_fifo_32 |         16 |         16 |       0 |    0 |    11 |      0 |      0 |          0 |
|             gen_srls[0].gen_rep[0].srl_nx1                                                 |                                                  xlnx_main_crossbar_axi_data_fifo_v2_1_32_ndeep_srl_33 |          3 |          2 |       0 |    1 |     0 |      0 |      0 |          0 |
|             gen_srls[0].gen_rep[1].srl_nx1                                                 |                                                  xlnx_main_crossbar_axi_data_fifo_v2_1_32_ndeep_srl_34 |          3 |          2 |       0 |    1 |     0 |      0 |      0 |          0 |
|             gen_srls[0].gen_rep[2].srl_nx1                                                 |                                                  xlnx_main_crossbar_axi_data_fifo_v2_1_32_ndeep_srl_35 |          2 |          1 |       0 |    1 |     0 |      0 |      0 |          0 |
|             gen_srls[0].gen_rep[3].srl_nx1                                                 |                                                  xlnx_main_crossbar_axi_data_fifo_v2_1_32_ndeep_srl_36 |          5 |          4 |       0 |    1 |     0 |      0 |      0 |          0 |
|         gen_slave_slots[4].gen_si_read.si_transactor_ar                                    |                                               xlnx_main_crossbar_axi_crossbar_v2_1_34_si_transactor_23 |         30 |         30 |       0 |    0 |    26 |      0 |      0 |          0 |
|           (gen_slave_slots[4].gen_si_read.si_transactor_ar)                                |                                               xlnx_main_crossbar_axi_crossbar_v2_1_34_si_transactor_23 |         10 |         10 |       0 |    0 |    14 |      0 |      0 |          0 |
|           gen_multi_thread.arbiter_resp_inst                                               |                                                xlnx_main_crossbar_axi_crossbar_v2_1_34_arbiter_resp_31 |         10 |         10 |       0 |    0 |    12 |      0 |      0 |          0 |
|           gen_multi_thread.mux_resp_multi_thread                                           |                                                   xlnx_main_crossbar_generic_baseblocks_v2_1_2_mux_enc |         10 |         10 |       0 |    0 |     0 |      0 |      0 |          0 |
|         gen_slave_slots[4].gen_si_write.si_transactor_aw                                   |                               xlnx_main_crossbar_axi_crossbar_v2_1_34_si_transactor__parameterized0_24 |         35 |         35 |       0 |    0 |    26 |      0 |      0 |          0 |
|           (gen_slave_slots[4].gen_si_write.si_transactor_aw)                               |                               xlnx_main_crossbar_axi_crossbar_v2_1_34_si_transactor__parameterized0_24 |          9 |          9 |       0 |    0 |    14 |      0 |      0 |          0 |
|           gen_multi_thread.arbiter_resp_inst                                               |                                                   xlnx_main_crossbar_axi_crossbar_v2_1_34_arbiter_resp |         16 |         16 |       0 |    0 |    12 |      0 |      0 |          0 |
|           gen_multi_thread.mux_resp_multi_thread                                           |                                   xlnx_main_crossbar_generic_baseblocks_v2_1_2_mux_enc__parameterized0 |         10 |         10 |       0 |    0 |     0 |      0 |      0 |          0 |
|         gen_slave_slots[4].gen_si_write.splitter_aw_si                                     |                                                    xlnx_main_crossbar_axi_crossbar_v2_1_34_splitter_25 |          3 |          3 |       0 |    0 |     2 |      0 |      0 |          0 |
|         gen_slave_slots[4].gen_si_write.wdata_router_w                                     |                                                xlnx_main_crossbar_axi_crossbar_v2_1_34_wdata_router_26 |         29 |         25 |       0 |    4 |    12 |      0 |      0 |          0 |
|           wrouter_aw_fifo                                                                  |                                             xlnx_main_crossbar_axi_data_fifo_v2_1_32_axic_reg_srl_fifo |         29 |         25 |       0 |    4 |    12 |      0 |      0 |          0 |
|             (wrouter_aw_fifo)                                                              |                                             xlnx_main_crossbar_axi_data_fifo_v2_1_32_axic_reg_srl_fifo |         16 |         16 |       0 |    0 |    12 |      0 |      0 |          0 |
|             gen_srls[0].gen_rep[0].srl_nx1                                                 |                                                     xlnx_main_crossbar_axi_data_fifo_v2_1_32_ndeep_srl |          3 |          2 |       0 |    1 |     0 |      0 |      0 |          0 |
|             gen_srls[0].gen_rep[1].srl_nx1                                                 |                                                  xlnx_main_crossbar_axi_data_fifo_v2_1_32_ndeep_srl_28 |          3 |          2 |       0 |    1 |     0 |      0 |      0 |          0 |
|             gen_srls[0].gen_rep[2].srl_nx1                                                 |                                                  xlnx_main_crossbar_axi_data_fifo_v2_1_32_ndeep_srl_29 |          2 |          1 |       0 |    1 |     0 |      0 |      0 |          0 |
|             gen_srls[0].gen_rep[3].srl_nx1                                                 |                                                  xlnx_main_crossbar_axi_data_fifo_v2_1_32_ndeep_srl_30 |          5 |          4 |       0 |    1 |     0 |      0 |      0 |          0 |
|         splitter_aw_mi                                                                     |                                                    xlnx_main_crossbar_axi_crossbar_v2_1_34_splitter_27 |          1 |          1 |       0 |    0 |     2 |      0 |      0 |          0 |
|   peripheral_bus_u                                                                         |                                                                                         peripheral_bus |       1873 |       1656 |     146 |   71 |  2484 |      0 |      0 |          0 |
|     (peripheral_bus_u)                                                                     |                                                                                         peripheral_bus |          0 |          0 |       0 |    0 |     0 |      0 |      0 |          0 |
|     axi4_to_axilite_u                                                                      |                                                                     xlnx_axi4_to_axilite_d32_converter |        403 |        350 |       0 |   53 |   496 |      0 |      0 |          0 |
|       (axi4_to_axilite_u)                                                                  |                                                                     xlnx_axi4_to_axilite_d32_converter |          0 |          0 |       0 |    0 |     0 |      0 |      0 |          0 |
|       inst                                                                                 |               xlnx_axi4_to_axilite_d32_converter_axi_protocol_converter_v2_1_33_axi_protocol_converter |        403 |        350 |       0 |   53 |   496 |      0 |      0 |          0 |
|         (inst)                                                                             |               xlnx_axi4_to_axilite_d32_converter_axi_protocol_converter_v2_1_33_axi_protocol_converter |          0 |          0 |       0 |    0 |     0 |      0 |      0 |          0 |
|         gen_axilite.gen_b2s_conv.axilite_b2s                                               |                                  xlnx_axi4_to_axilite_d32_converter_axi_protocol_converter_v2_1_33_b2s |        403 |        350 |       0 |   53 |   496 |      0 |      0 |          0 |
|           (gen_axilite.gen_b2s_conv.axilite_b2s)                                           |                                  xlnx_axi4_to_axilite_d32_converter_axi_protocol_converter_v2_1_33_b2s |          1 |          1 |       0 |    0 |     1 |      0 |      0 |          0 |
|           RD.ar_channel_0                                                                  |                       xlnx_axi4_to_axilite_d32_converter_axi_protocol_converter_v2_1_33_b2s_ar_channel |         66 |         66 |       0 |    0 |    75 |      0 |      0 |          0 |
|             (RD.ar_channel_0)                                                              |                       xlnx_axi4_to_axilite_d32_converter_axi_protocol_converter_v2_1_33_b2s_ar_channel |          0 |          0 |       0 |    0 |     4 |      0 |      0 |          0 |
|             ar_cmd_fsm_0                                                                   |                       xlnx_axi4_to_axilite_d32_converter_axi_protocol_converter_v2_1_33_b2s_rd_cmd_fsm |         23 |         23 |       0 |    0 |     2 |      0 |      0 |          0 |
|             cmd_translator_0                                                               |                 xlnx_axi4_to_axilite_d32_converter_axi_protocol_converter_v2_1_33_b2s_cmd_translator_1 |         43 |         43 |       0 |    0 |    69 |      0 |      0 |          0 |
|               (cmd_translator_0)                                                           |                 xlnx_axi4_to_axilite_d32_converter_axi_protocol_converter_v2_1_33_b2s_cmd_translator_1 |          1 |          1 |       0 |    0 |     3 |      0 |      0 |          0 |
|               incr_cmd_0                                                                   |                       xlnx_axi4_to_axilite_d32_converter_axi_protocol_converter_v2_1_33_b2s_incr_cmd_2 |         27 |         27 |       0 |    0 |    23 |      0 |      0 |          0 |
|               wrap_cmd_0                                                                   |                       xlnx_axi4_to_axilite_d32_converter_axi_protocol_converter_v2_1_33_b2s_wrap_cmd_3 |         15 |         15 |       0 |    0 |    43 |      0 |      0 |          0 |
|           RD.r_channel_0                                                                   |                        xlnx_axi4_to_axilite_d32_converter_axi_protocol_converter_v2_1_33_b2s_r_channel |         54 |         15 |       0 |   39 |    16 |      0 |      0 |          0 |
|             (RD.r_channel_0)                                                               |                        xlnx_axi4_to_axilite_d32_converter_axi_protocol_converter_v2_1_33_b2s_r_channel |          0 |          0 |       0 |    0 |     6 |      0 |      0 |          0 |
|             rd_data_fifo_0                                                                 |      xlnx_axi4_to_axilite_d32_converter_axi_protocol_converter_v2_1_33_b2s_simple_fifo__parameterized1 |         42 |          8 |       0 |   34 |     5 |      0 |      0 |          0 |
|             transaction_fifo_0                                                             |      xlnx_axi4_to_axilite_d32_converter_axi_protocol_converter_v2_1_33_b2s_simple_fifo__parameterized2 |         12 |          7 |       0 |    5 |     5 |      0 |      0 |          0 |
|           SI_REG                                                                           |                       xlnx_axi4_to_axilite_d32_converter_axi_register_slice_v2_1_33_axi_register_slice |        181 |        181 |       0 |    0 |   304 |      0 |      0 |          0 |
|             ar.ar_pipe                                                                     |                      xlnx_axi4_to_axilite_d32_converter_axi_register_slice_v2_1_33_axic_register_slice |         75 |         75 |       0 |    0 |   104 |      0 |      0 |          0 |
|             aw.aw_pipe                                                                     |                    xlnx_axi4_to_axilite_d32_converter_axi_register_slice_v2_1_33_axic_register_slice_0 |         77 |         77 |       0 |    0 |   106 |      0 |      0 |          0 |
|             b.b_pipe                                                                       |      xlnx_axi4_to_axilite_d32_converter_axi_register_slice_v2_1_33_axic_register_slice__parameterized1 |          6 |          6 |       0 |    0 |    14 |      0 |      0 |          0 |
|             r.r_pipe                                                                       |      xlnx_axi4_to_axilite_d32_converter_axi_register_slice_v2_1_33_axic_register_slice__parameterized2 |         23 |         23 |       0 |    0 |    80 |      0 |      0 |          0 |
|           WR.aw_channel_0                                                                  |                       xlnx_axi4_to_axilite_d32_converter_axi_protocol_converter_v2_1_33_b2s_aw_channel |         66 |         66 |       0 |    0 |    83 |      0 |      0 |          0 |
|             (WR.aw_channel_0)                                                              |                       xlnx_axi4_to_axilite_d32_converter_axi_protocol_converter_v2_1_33_b2s_aw_channel |          0 |          0 |       0 |    0 |    12 |      0 |      0 |          0 |
|             aw_cmd_fsm_0                                                                   |                       xlnx_axi4_to_axilite_d32_converter_axi_protocol_converter_v2_1_33_b2s_wr_cmd_fsm |         14 |         14 |       0 |    0 |     2 |      0 |      0 |          0 |
|             cmd_translator_0                                                               |                   xlnx_axi4_to_axilite_d32_converter_axi_protocol_converter_v2_1_33_b2s_cmd_translator |         52 |         52 |       0 |    0 |    69 |      0 |      0 |          0 |
|               (cmd_translator_0)                                                           |                   xlnx_axi4_to_axilite_d32_converter_axi_protocol_converter_v2_1_33_b2s_cmd_translator |          0 |          0 |       0 |    0 |     3 |      0 |      0 |          0 |
|               incr_cmd_0                                                                   |                         xlnx_axi4_to_axilite_d32_converter_axi_protocol_converter_v2_1_33_b2s_incr_cmd |         26 |         26 |       0 |    0 |    23 |      0 |      0 |          0 |
|               wrap_cmd_0                                                                   |                         xlnx_axi4_to_axilite_d32_converter_axi_protocol_converter_v2_1_33_b2s_wrap_cmd |         26 |         26 |       0 |    0 |    43 |      0 |      0 |          0 |
|           WR.b_channel_0                                                                   |                        xlnx_axi4_to_axilite_d32_converter_axi_protocol_converter_v2_1_33_b2s_b_channel |         38 |         24 |       0 |   14 |    17 |      0 |      0 |          0 |
|             (WR.b_channel_0)                                                               |                        xlnx_axi4_to_axilite_d32_converter_axi_protocol_converter_v2_1_33_b2s_b_channel |          8 |          8 |       0 |    0 |    13 |      0 |      0 |          0 |
|             bid_fifo_0                                                                     |                      xlnx_axi4_to_axilite_d32_converter_axi_protocol_converter_v2_1_33_b2s_simple_fifo |         24 |         12 |       0 |   12 |     2 |      0 |      0 |          0 |
|             bresp_fifo_0                                                                   |      xlnx_axi4_to_axilite_d32_converter_axi_protocol_converter_v2_1_33_b2s_simple_fifo__parameterized0 |          6 |          4 |       0 |    2 |     2 |      0 |      0 |          0 |
|     axi_clk_conv_u                                                                         |                                                                            axi_clock_converter_wrapper |        398 |        252 |     146 |    0 |   984 |      0 |      0 |          0 |
|       gen_axi_32_clock_conv.axi_clk_conv_u                                                 |                                                                           xlnx_axi_d32_clock_converter |        398 |        252 |     146 |    0 |   984 |      0 |      0 |          0 |
|         (gen_axi_32_clock_conv.axi_clk_conv_u)                                             |                                                                           xlnx_axi_d32_clock_converter |          0 |          0 |       0 |    0 |     0 |      0 |      0 |          0 |
|         inst                                                                               |                           xlnx_axi_d32_clock_converter_axi_clock_converter_v2_1_32_axi_clock_converter |        398 |        252 |     146 |    0 |   984 |      0 |      0 |          0 |
|           (inst)                                                                           |                           xlnx_axi_d32_clock_converter_axi_clock_converter_v2_1_32_axi_clock_converter |          1 |          1 |       0 |    0 |     0 |      0 |      0 |          0 |
|           gen_clock_conv.gen_async_conv.asyncfifo_axi                                      |                                                   xlnx_axi_d32_clock_converter_fifo_generator_v13_2_11 |        397 |        251 |     146 |    0 |   984 |      0 |      0 |          0 |
|             (gen_clock_conv.gen_async_conv.asyncfifo_axi)                                  |                                                   xlnx_axi_d32_clock_converter_fifo_generator_v13_2_11 |          0 |          0 |       0 |    0 |     0 |      0 |      0 |          0 |
|             inst_fifo_gen                                                                  |                                             xlnx_axi_d32_clock_converter_fifo_generator_v13_2_11_synth |        397 |        251 |     146 |    0 |   984 |      0 |      0 |          0 |
|               gaxi_full_lite.gread_ch.grach2.axi_rach                                      |                                             xlnx_axi_d32_clock_converter_fifo_generator_top__xdcDup__1 |         94 |         50 |      44 |    0 |   239 |      0 |      0 |          0 |
|                 grf.rf                                                                     |                                         xlnx_axi_d32_clock_converter_fifo_generator_ramfifo__xdcDup__1 |         94 |         50 |      44 |    0 |   239 |      0 |      0 |          0 |
|                   gntv_or_sync_fifo.gcx.clkx                                               |                                                    xlnx_axi_d32_clock_converter_clk_x_pntrs__xdcDup__1 |         12 |         12 |       0 |    0 |    48 |      0 |      0 |          0 |
|                     (gntv_or_sync_fifo.gcx.clkx)                                           |                                                    xlnx_axi_d32_clock_converter_clk_x_pntrs__xdcDup__1 |          2 |          2 |       0 |    0 |     0 |      0 |      0 |          0 |
|                     rd_pntr_cdc_inst                                                       |                                                          xlnx_axi_d32_clock_converter_xpm_cdc_gray__17 |          5 |          5 |       0 |    0 |    24 |      0 |      0 |          0 |
|                     wr_pntr_cdc_inst                                                       |                                                          xlnx_axi_d32_clock_converter_xpm_cdc_gray__16 |          5 |          5 |       0 |    0 |    24 |      0 |      0 |          0 |
|                   gntv_or_sync_fifo.gl0.rd                                                 |                                                               xlnx_axi_d32_clock_converter_rd_logic_21 |         15 |         15 |       0 |    0 |    18 |      0 |      0 |          0 |
|                     gr1.gr1_int.rfwft                                                      |                                                                xlnx_axi_d32_clock_converter_rd_fwft_27 |          9 |          9 |       0 |    0 |     8 |      0 |      0 |          0 |
|                     gras.rsts                                                              |                                                     xlnx_axi_d32_clock_converter_rd_status_flags_as_28 |          0 |          0 |       0 |    0 |     2 |      0 |      0 |          0 |
|                     rpntr                                                                  |                                                            xlnx_axi_d32_clock_converter_rd_bin_cntr_29 |          6 |          6 |       0 |    0 |     8 |      0 |      0 |          0 |
|                   gntv_or_sync_fifo.gl0.wr                                                 |                                                               xlnx_axi_d32_clock_converter_wr_logic_22 |          8 |          8 |       0 |    0 |    14 |      0 |      0 |          0 |
|                     gwas.wsts                                                              |                                                     xlnx_axi_d32_clock_converter_wr_status_flags_as_25 |          3 |          3 |       0 |    0 |     2 |      0 |      0 |          0 |
|                     wpntr                                                                  |                                                            xlnx_axi_d32_clock_converter_wr_bin_cntr_26 |          5 |          5 |       0 |    0 |    12 |      0 |      0 |          0 |
|                   gntv_or_sync_fifo.mem                                                    |                                                                 xlnx_axi_d32_clock_converter_memory_23 |         44 |          0 |      44 |    0 |   130 |      0 |      0 |          0 |
|                     (gntv_or_sync_fifo.mem)                                                |                                                                 xlnx_axi_d32_clock_converter_memory_23 |          0 |          0 |       0 |    0 |    65 |      0 |      0 |          0 |
|                     gdm.dm_gen.dm                                                          |                                                                   xlnx_axi_d32_clock_converter_dmem_24 |         44 |          0 |      44 |    0 |    65 |      0 |      0 |          0 |
|                   rstblk                                                                   |                                              xlnx_axi_d32_clock_converter_reset_blk_ramfifo__xdcDup__1 |         15 |         15 |       0 |    0 |    29 |      0 |      0 |          0 |
|                     (rstblk)                                                               |                                              xlnx_axi_d32_clock_converter_reset_blk_ramfifo__xdcDup__1 |         15 |         15 |       0 |    0 |    13 |      0 |      0 |          0 |
|                     ngwrdrst.grst.g7serrst.gnsckt_wrst.gic_rst.rst_rd_reg2_inst            |                                                     xlnx_axi_d32_clock_converter_xpm_cdc_async_rst__12 |          0 |          0 |       0 |    0 |     2 |      0 |      0 |          0 |
|                     ngwrdrst.grst.g7serrst.gnsckt_wrst.gic_rst.xpm_cdc_single_inst_rrst_wr |                                        xlnx_axi_d32_clock_converter_xpm_cdc_single__parameterized1__17 |          0 |          0 |       0 |    0 |     6 |      0 |      0 |          0 |
|                     ngwrdrst.grst.g7serrst.gnsckt_wrst.gic_rst.xpm_cdc_single_inst_wrst_rd |                                        xlnx_axi_d32_clock_converter_xpm_cdc_single__parameterized1__16 |          0 |          0 |       0 |    0 |     6 |      0 |      0 |          0 |
|                     ngwrdrst.grst.g7serrst.gnsckt_wrst.rst_wr_reg2_inst                    |                                                     xlnx_axi_d32_clock_converter_xpm_cdc_async_rst__11 |          0 |          0 |       0 |    0 |     2 |      0 |      0 |          0 |
|               gaxi_full_lite.gread_ch.grach2.cdc_wr_rst_busy_ic_3.xpm_cdc_single_inst3     |                                                            xlnx_axi_d32_clock_converter_xpm_cdc_single |          0 |          0 |       0 |    0 |     5 |      0 |      0 |          0 |
|               gaxi_full_lite.gread_ch.grdch2.axi_rdch                                      |                                        xlnx_axi_d32_clock_converter_fifo_generator_top__parameterized2 |         79 |         51 |      28 |    0 |   187 |      0 |      0 |          0 |
|                 grf.rf                                                                     |                                    xlnx_axi_d32_clock_converter_fifo_generator_ramfifo__parameterized2 |         79 |         51 |      28 |    0 |   187 |      0 |      0 |          0 |
|                   gntv_or_sync_fifo.gcx.clkx                                               |                                                    xlnx_axi_d32_clock_converter_clk_x_pntrs__xdcDup__2 |         12 |         12 |       0 |    0 |    48 |      0 |      0 |          0 |
|                     (gntv_or_sync_fifo.gcx.clkx)                                           |                                                    xlnx_axi_d32_clock_converter_clk_x_pntrs__xdcDup__2 |          2 |          2 |       0 |    0 |     0 |      0 |      0 |          0 |
|                     rd_pntr_cdc_inst                                                       |                                                              xlnx_axi_d32_clock_converter_xpm_cdc_gray |          5 |          5 |       0 |    0 |    24 |      0 |      0 |          0 |
|                     wr_pntr_cdc_inst                                                       |                                                          xlnx_axi_d32_clock_converter_xpm_cdc_gray__18 |          5 |          5 |       0 |    0 |    24 |      0 |      0 |          0 |
|                   gntv_or_sync_fifo.gl0.rd                                                 |                                                               xlnx_axi_d32_clock_converter_rd_logic_14 |         15 |         15 |       0 |    0 |    18 |      0 |      0 |          0 |
|                     gr1.gr1_int.rfwft                                                      |                                                                xlnx_axi_d32_clock_converter_rd_fwft_18 |          9 |          9 |       0 |    0 |     8 |      0 |      0 |          0 |
|                     gras.rsts                                                              |                                                     xlnx_axi_d32_clock_converter_rd_status_flags_as_19 |          0 |          0 |       0 |    0 |     2 |      0 |      0 |          0 |
|                     rpntr                                                                  |                                                            xlnx_axi_d32_clock_converter_rd_bin_cntr_20 |          6 |          6 |       0 |    0 |     8 |      0 |      0 |          0 |
|                   gntv_or_sync_fifo.gl0.wr                                                 |                                                               xlnx_axi_d32_clock_converter_wr_logic_15 |          8 |          8 |       0 |    0 |    14 |      0 |      0 |          0 |
|                     gwas.wsts                                                              |                                                     xlnx_axi_d32_clock_converter_wr_status_flags_as_16 |          3 |          3 |       0 |    0 |     2 |      0 |      0 |          0 |
|                     wpntr                                                                  |                                                            xlnx_axi_d32_clock_converter_wr_bin_cntr_17 |          5 |          5 |       0 |    0 |    12 |      0 |      0 |          0 |
|                   gntv_or_sync_fifo.mem                                                    |                                                    xlnx_axi_d32_clock_converter_memory__parameterized2 |         28 |          0 |      28 |    0 |    78 |      0 |      0 |          0 |
|                     (gntv_or_sync_fifo.mem)                                                |                                                    xlnx_axi_d32_clock_converter_memory__parameterized2 |          0 |          0 |       0 |    0 |    39 |      0 |      0 |          0 |
|                     gdm.dm_gen.dm                                                          |                                                      xlnx_axi_d32_clock_converter_dmem__parameterized2 |         28 |          0 |      28 |    0 |    39 |      0 |      0 |          0 |
|                   rstblk                                                                   |                                              xlnx_axi_d32_clock_converter_reset_blk_ramfifo__xdcDup__2 |         16 |         16 |       0 |    0 |    29 |      0 |      0 |          0 |
|                     (rstblk)                                                               |                                              xlnx_axi_d32_clock_converter_reset_blk_ramfifo__xdcDup__2 |         16 |         16 |       0 |    0 |    13 |      0 |      0 |          0 |
|                     ngwrdrst.grst.g7serrst.gnsckt_wrst.gic_rst.rst_rd_reg2_inst            |                                                         xlnx_axi_d32_clock_converter_xpm_cdc_async_rst |          0 |          0 |       0 |    0 |     2 |      0 |      0 |          0 |
|                     ngwrdrst.grst.g7serrst.gnsckt_wrst.gic_rst.xpm_cdc_single_inst_rrst_wr |                                            xlnx_axi_d32_clock_converter_xpm_cdc_single__parameterized1 |          0 |          0 |       0 |    0 |     6 |      0 |      0 |          0 |
|                     ngwrdrst.grst.g7serrst.gnsckt_wrst.gic_rst.xpm_cdc_single_inst_wrst_rd |                                        xlnx_axi_d32_clock_converter_xpm_cdc_single__parameterized1__18 |          0 |          0 |       0 |    0 |     6 |      0 |      0 |          0 |
|                     ngwrdrst.grst.g7serrst.gnsckt_wrst.rst_wr_reg2_inst                    |                                                     xlnx_axi_d32_clock_converter_xpm_cdc_async_rst__13 |          0 |          0 |       0 |    0 |     2 |      0 |      0 |          0 |
|               gaxi_full_lite.gwrite_ch.gwach2.axi_wach                                     |                                                        xlnx_axi_d32_clock_converter_fifo_generator_top |         94 |         50 |      44 |    0 |   239 |      0 |      0 |          0 |
|                 grf.rf                                                                     |                                                    xlnx_axi_d32_clock_converter_fifo_generator_ramfifo |         94 |         50 |      44 |    0 |   239 |      0 |      0 |          0 |
|                   gntv_or_sync_fifo.gcx.clkx                                               |                                                    xlnx_axi_d32_clock_converter_clk_x_pntrs__xdcDup__3 |         12 |         12 |       0 |    0 |    48 |      0 |      0 |          0 |
|                     (gntv_or_sync_fifo.gcx.clkx)                                           |                                                    xlnx_axi_d32_clock_converter_clk_x_pntrs__xdcDup__3 |          2 |          2 |       0 |    0 |     0 |      0 |      0 |          0 |
|                     rd_pntr_cdc_inst                                                       |                                                          xlnx_axi_d32_clock_converter_xpm_cdc_gray__11 |          5 |          5 |       0 |    0 |    24 |      0 |      0 |          0 |
|                     wr_pntr_cdc_inst                                                       |                                                          xlnx_axi_d32_clock_converter_xpm_cdc_gray__10 |          5 |          5 |       0 |    0 |    24 |      0 |      0 |          0 |
|                   gntv_or_sync_fifo.gl0.rd                                                 |                                                                xlnx_axi_d32_clock_converter_rd_logic_7 |         15 |         15 |       0 |    0 |    18 |      0 |      0 |          0 |
|                     gr1.gr1_int.rfwft                                                      |                                                                xlnx_axi_d32_clock_converter_rd_fwft_11 |          9 |          9 |       0 |    0 |     8 |      0 |      0 |          0 |
|                     gras.rsts                                                              |                                                     xlnx_axi_d32_clock_converter_rd_status_flags_as_12 |          0 |          0 |       0 |    0 |     2 |      0 |      0 |          0 |
|                     rpntr                                                                  |                                                            xlnx_axi_d32_clock_converter_rd_bin_cntr_13 |          6 |          6 |       0 |    0 |     8 |      0 |      0 |          0 |
|                   gntv_or_sync_fifo.gl0.wr                                                 |                                                                xlnx_axi_d32_clock_converter_wr_logic_8 |          8 |          8 |       0 |    0 |    14 |      0 |      0 |          0 |
|                     gwas.wsts                                                              |                                                      xlnx_axi_d32_clock_converter_wr_status_flags_as_9 |          3 |          3 |       0 |    0 |     2 |      0 |      0 |          0 |
|                     wpntr                                                                  |                                                            xlnx_axi_d32_clock_converter_wr_bin_cntr_10 |          5 |          5 |       0 |    0 |    12 |      0 |      0 |          0 |
|                   gntv_or_sync_fifo.mem                                                    |                                                                    xlnx_axi_d32_clock_converter_memory |         44 |          0 |      44 |    0 |   130 |      0 |      0 |          0 |
|                     (gntv_or_sync_fifo.mem)                                                |                                                                    xlnx_axi_d32_clock_converter_memory |          0 |          0 |       0 |    0 |    65 |      0 |      0 |          0 |
|                     gdm.dm_gen.dm                                                          |                                                                      xlnx_axi_d32_clock_converter_dmem |         44 |          0 |      44 |    0 |    65 |      0 |      0 |          0 |
|                   rstblk                                                                   |                                              xlnx_axi_d32_clock_converter_reset_blk_ramfifo__xdcDup__3 |         15 |         15 |       0 |    0 |    29 |      0 |      0 |          0 |
|                     (rstblk)                                                               |                                              xlnx_axi_d32_clock_converter_reset_blk_ramfifo__xdcDup__3 |         15 |         15 |       0 |    0 |    13 |      0 |      0 |          0 |
|                     ngwrdrst.grst.g7serrst.gnsckt_wrst.gic_rst.rst_rd_reg2_inst            |                                                      xlnx_axi_d32_clock_converter_xpm_cdc_async_rst__6 |          0 |          0 |       0 |    0 |     2 |      0 |      0 |          0 |
|                     ngwrdrst.grst.g7serrst.gnsckt_wrst.gic_rst.xpm_cdc_single_inst_rrst_wr |                                        xlnx_axi_d32_clock_converter_xpm_cdc_single__parameterized1__11 |          0 |          0 |       0 |    0 |     6 |      0 |      0 |          0 |
|                     ngwrdrst.grst.g7serrst.gnsckt_wrst.gic_rst.xpm_cdc_single_inst_wrst_rd |                                        xlnx_axi_d32_clock_converter_xpm_cdc_single__parameterized1__10 |          0 |          0 |       0 |    0 |     6 |      0 |      0 |          0 |
|                     ngwrdrst.grst.g7serrst.gnsckt_wrst.rst_wr_reg2_inst                    |                                                      xlnx_axi_d32_clock_converter_xpm_cdc_async_rst__5 |          0 |          0 |       0 |    0 |     2 |      0 |      0 |          0 |
|               gaxi_full_lite.gwrite_ch.gwach2.cdc_wr_rst_busy_ic_1.xpm_cdc_single_inst1    |                                                         xlnx_axi_d32_clock_converter_xpm_cdc_single__3 |          0 |          0 |       0 |    0 |     5 |      0 |      0 |          0 |
|               gaxi_full_lite.gwrite_ch.gwdch2.axi_wdch                                     |                                        xlnx_axi_d32_clock_converter_fifo_generator_top__parameterized0 |         76 |         50 |      26 |    0 |   183 |      0 |      0 |          0 |
|                 grf.rf                                                                     |                                    xlnx_axi_d32_clock_converter_fifo_generator_ramfifo__parameterized0 |         76 |         50 |      26 |    0 |   183 |      0 |      0 |          0 |
|                   gntv_or_sync_fifo.gcx.clkx                                               |                                                    xlnx_axi_d32_clock_converter_clk_x_pntrs__xdcDup__4 |         12 |         12 |       0 |    0 |    48 |      0 |      0 |          0 |
|                     (gntv_or_sync_fifo.gcx.clkx)                                           |                                                    xlnx_axi_d32_clock_converter_clk_x_pntrs__xdcDup__4 |          2 |          2 |       0 |    0 |     0 |      0 |      0 |          0 |
|                     rd_pntr_cdc_inst                                                       |                                                          xlnx_axi_d32_clock_converter_xpm_cdc_gray__13 |          5 |          5 |       0 |    0 |    24 |      0 |      0 |          0 |
|                     wr_pntr_cdc_inst                                                       |                                                          xlnx_axi_d32_clock_converter_xpm_cdc_gray__12 |          5 |          5 |       0 |    0 |    24 |      0 |      0 |          0 |
|                   gntv_or_sync_fifo.gl0.rd                                                 |                                                                xlnx_axi_d32_clock_converter_rd_logic_0 |         15 |         15 |       0 |    0 |    18 |      0 |      0 |          0 |
|                     gr1.gr1_int.rfwft                                                      |                                                                 xlnx_axi_d32_clock_converter_rd_fwft_4 |          9 |          9 |       0 |    0 |     8 |      0 |      0 |          0 |
|                     gras.rsts                                                              |                                                      xlnx_axi_d32_clock_converter_rd_status_flags_as_5 |          0 |          0 |       0 |    0 |     2 |      0 |      0 |          0 |
|                     rpntr                                                                  |                                                             xlnx_axi_d32_clock_converter_rd_bin_cntr_6 |          6 |          6 |       0 |    0 |     8 |      0 |      0 |          0 |
|                   gntv_or_sync_fifo.gl0.wr                                                 |                                                                xlnx_axi_d32_clock_converter_wr_logic_1 |          8 |          8 |       0 |    0 |    14 |      0 |      0 |          0 |
|                     gwas.wsts                                                              |                                                      xlnx_axi_d32_clock_converter_wr_status_flags_as_2 |          3 |          3 |       0 |    0 |     2 |      0 |      0 |          0 |
|                     wpntr                                                                  |                                                             xlnx_axi_d32_clock_converter_wr_bin_cntr_3 |          5 |          5 |       0 |    0 |    12 |      0 |      0 |          0 |
|                   gntv_or_sync_fifo.mem                                                    |                                                    xlnx_axi_d32_clock_converter_memory__parameterized0 |         26 |          0 |      26 |    0 |    74 |      0 |      0 |          0 |
|                     (gntv_or_sync_fifo.mem)                                                |                                                    xlnx_axi_d32_clock_converter_memory__parameterized0 |          0 |          0 |       0 |    0 |    37 |      0 |      0 |          0 |
|                     gdm.dm_gen.dm                                                          |                                                      xlnx_axi_d32_clock_converter_dmem__parameterized0 |         26 |          0 |      26 |    0 |    37 |      0 |      0 |          0 |
|                   rstblk                                                                   |                                              xlnx_axi_d32_clock_converter_reset_blk_ramfifo__xdcDup__4 |         15 |         15 |       0 |    0 |    29 |      0 |      0 |          0 |
|                     (rstblk)                                                               |                                              xlnx_axi_d32_clock_converter_reset_blk_ramfifo__xdcDup__4 |         15 |         15 |       0 |    0 |    13 |      0 |      0 |          0 |
|                     ngwrdrst.grst.g7serrst.gnsckt_wrst.gic_rst.rst_rd_reg2_inst            |                                                      xlnx_axi_d32_clock_converter_xpm_cdc_async_rst__8 |          0 |          0 |       0 |    0 |     2 |      0 |      0 |          0 |
|                     ngwrdrst.grst.g7serrst.gnsckt_wrst.gic_rst.xpm_cdc_single_inst_rrst_wr |                                        xlnx_axi_d32_clock_converter_xpm_cdc_single__parameterized1__13 |          0 |          0 |       0 |    0 |     6 |      0 |      0 |          0 |
|                     ngwrdrst.grst.g7serrst.gnsckt_wrst.gic_rst.xpm_cdc_single_inst_wrst_rd |                                        xlnx_axi_d32_clock_converter_xpm_cdc_single__parameterized1__12 |          0 |          0 |       0 |    0 |     6 |      0 |      0 |          0 |
|                     ngwrdrst.grst.g7serrst.gnsckt_wrst.rst_wr_reg2_inst                    |                                                      xlnx_axi_d32_clock_converter_xpm_cdc_async_rst__7 |          0 |          0 |       0 |    0 |     2 |      0 |      0 |          0 |
|               gaxi_full_lite.gwrite_ch.gwdch2.cdc_wr_rst_busy_ic_2.xpm_cdc_single_inst2    |                                                         xlnx_axi_d32_clock_converter_xpm_cdc_single__4 |          0 |          0 |       0 |    0 |     5 |      0 |      0 |          0 |
|               gaxi_full_lite.gwrite_ch.gwrch2.axi_wrch                                     |                                        xlnx_axi_d32_clock_converter_fifo_generator_top__parameterized1 |         54 |         50 |       4 |    0 |   121 |      0 |      0 |          0 |
|                 grf.rf                                                                     |                                    xlnx_axi_d32_clock_converter_fifo_generator_ramfifo__parameterized1 |         54 |         50 |       4 |    0 |   121 |      0 |      0 |          0 |
|                   gntv_or_sync_fifo.gcx.clkx                                               |                                                               xlnx_axi_d32_clock_converter_clk_x_pntrs |         12 |         12 |       0 |    0 |    48 |      0 |      0 |          0 |
|                     (gntv_or_sync_fifo.gcx.clkx)                                           |                                                               xlnx_axi_d32_clock_converter_clk_x_pntrs |          2 |          2 |       0 |    0 |     0 |      0 |      0 |          0 |
|                     rd_pntr_cdc_inst                                                       |                                                          xlnx_axi_d32_clock_converter_xpm_cdc_gray__15 |          5 |          5 |       0 |    0 |    24 |      0 |      0 |          0 |
|                     wr_pntr_cdc_inst                                                       |                                                          xlnx_axi_d32_clock_converter_xpm_cdc_gray__14 |          5 |          5 |       0 |    0 |    24 |      0 |      0 |          0 |
|                   gntv_or_sync_fifo.gl0.rd                                                 |                                                                  xlnx_axi_d32_clock_converter_rd_logic |         15 |         15 |       0 |    0 |    18 |      0 |      0 |          0 |
|                     gr1.gr1_int.rfwft                                                      |                                                                   xlnx_axi_d32_clock_converter_rd_fwft |          9 |          9 |       0 |    0 |     8 |      0 |      0 |          0 |
|                     gras.rsts                                                              |                                                        xlnx_axi_d32_clock_converter_rd_status_flags_as |          0 |          0 |       0 |    0 |     2 |      0 |      0 |          0 |
|                     rpntr                                                                  |                                                               xlnx_axi_d32_clock_converter_rd_bin_cntr |          6 |          6 |       0 |    0 |     8 |      0 |      0 |          0 |
|                   gntv_or_sync_fifo.gl0.wr                                                 |                                                                  xlnx_axi_d32_clock_converter_wr_logic |          8 |          8 |       0 |    0 |    14 |      0 |      0 |          0 |
|                     gwas.wsts                                                              |                                                        xlnx_axi_d32_clock_converter_wr_status_flags_as |          3 |          3 |       0 |    0 |     2 |      0 |      0 |          0 |
|                     wpntr                                                                  |                                                               xlnx_axi_d32_clock_converter_wr_bin_cntr |          5 |          5 |       0 |    0 |    12 |      0 |      0 |          0 |
|                   gntv_or_sync_fifo.mem                                                    |                                                    xlnx_axi_d32_clock_converter_memory__parameterized1 |          4 |          0 |       4 |    0 |    12 |      0 |      0 |          0 |
|                     (gntv_or_sync_fifo.mem)                                                |                                                    xlnx_axi_d32_clock_converter_memory__parameterized1 |          0 |          0 |       0 |    0 |     6 |      0 |      0 |          0 |
|                     gdm.dm_gen.dm                                                          |                                                      xlnx_axi_d32_clock_converter_dmem__parameterized1 |          4 |          0 |       4 |    0 |     6 |      0 |      0 |          0 |
|                   rstblk                                                                   |                                                         xlnx_axi_d32_clock_converter_reset_blk_ramfifo |         15 |         15 |       0 |    0 |    29 |      0 |      0 |          0 |
|                     (rstblk)                                                               |                                                         xlnx_axi_d32_clock_converter_reset_blk_ramfifo |         15 |         15 |       0 |    0 |    13 |      0 |      0 |          0 |
|                     ngwrdrst.grst.g7serrst.gnsckt_wrst.gic_rst.rst_rd_reg2_inst            |                                                     xlnx_axi_d32_clock_converter_xpm_cdc_async_rst__10 |          0 |          0 |       0 |    0 |     2 |      0 |      0 |          0 |
|                     ngwrdrst.grst.g7serrst.gnsckt_wrst.gic_rst.xpm_cdc_single_inst_rrst_wr |                                        xlnx_axi_d32_clock_converter_xpm_cdc_single__parameterized1__15 |          0 |          0 |       0 |    0 |     6 |      0 |      0 |          0 |
|                     ngwrdrst.grst.g7serrst.gnsckt_wrst.gic_rst.xpm_cdc_single_inst_wrst_rd |                                        xlnx_axi_d32_clock_converter_xpm_cdc_single__parameterized1__14 |          0 |          0 |       0 |    0 |     6 |      0 |      0 |          0 |
|                     ngwrdrst.grst.g7serrst.gnsckt_wrst.rst_wr_reg2_inst                    |                                                      xlnx_axi_d32_clock_converter_xpm_cdc_async_rst__9 |          0 |          0 |       0 |    0 |     2 |      0 |      0 |          0 |
|     axilite_uart_u                                                                         |                                                                                           axilite_uart |        101 |         83 |       0 |   18 |   111 |      0 |      0 |          0 |
|       (axilite_uart_u)                                                                     |                                                                                           axilite_uart |          0 |          0 |       0 |    0 |     0 |      0 |      0 |          0 |
|       uart_u                                                                               |                                                                                      xlnx_axi_uartlite |        101 |         83 |       0 |   18 |   111 |      0 |      0 |          0 |
|         (uart_u)                                                                           |                                                                                      xlnx_axi_uartlite |          0 |          0 |       0 |    0 |     0 |      0 |      0 |          0 |
|         U0                                                                                 |                                                                         xlnx_axi_uartlite_axi_uartlite |        101 |         83 |       0 |   18 |   111 |      0 |      0 |          0 |
|           (U0)                                                                             |                                                                         xlnx_axi_uartlite_axi_uartlite |          0 |          0 |       0 |    0 |     0 |      0 |      0 |          0 |
|           AXI_LITE_IPIF_I                                                                  |                                                                        xlnx_axi_uartlite_axi_lite_ipif |         30 |         30 |       0 |    0 |    26 |      0 |      0 |          0 |
|             I_SLAVE_ATTACHMENT                                                             |                                                                     xlnx_axi_uartlite_slave_attachment |         30 |         30 |       0 |    0 |    26 |      0 |      0 |          0 |
|               (I_SLAVE_ATTACHMENT)                                                         |                                                                     xlnx_axi_uartlite_slave_attachment |          7 |          7 |       0 |    0 |    21 |      0 |      0 |          0 |
|               I_DECODER                                                                    |                                                                      xlnx_axi_uartlite_address_decoder |         23 |         23 |       0 |    0 |     5 |      0 |      0 |          0 |
|                 (I_DECODER)                                                                |                                                                      xlnx_axi_uartlite_address_decoder |         21 |         21 |       0 |    0 |     5 |      0 |      0 |          0 |
|                 MEM_DECODE_GEN[0].PER_CE_GEN[0].MULTIPLE_CES_THIS_CS_GEN.CE_I              |                                                                            xlnx_axi_uartlite_pselect_f |          1 |          1 |       0 |    0 |     0 |      0 |      0 |          0 |
|                 MEM_DECODE_GEN[0].PER_CE_GEN[2].MULTIPLE_CES_THIS_CS_GEN.CE_I              |                                                            xlnx_axi_uartlite_pselect_f__parameterized1 |          1 |          1 |       0 |    0 |     0 |      0 |      0 |          0 |
|           UARTLITE_CORE_I                                                                  |                                                                        xlnx_axi_uartlite_uartlite_core |         71 |         53 |       0 |   18 |    85 |      0 |      0 |          0 |
|             (UARTLITE_CORE_I)                                                              |                                                                        xlnx_axi_uartlite_uartlite_core |          0 |          0 |       0 |    0 |     9 |      0 |      0 |          0 |
|             BAUD_RATE_I                                                                    |                                                                             xlnx_axi_uartlite_baudrate |          5 |          5 |       0 |    0 |     8 |      0 |      0 |          0 |
|             UARTLITE_RX_I                                                                  |                                                                          xlnx_axi_uartlite_uartlite_rx |         36 |         27 |       0 |    9 |    50 |      0 |      0 |          0 |
|               (UARTLITE_RX_I)                                                              |                                                                          xlnx_axi_uartlite_uartlite_rx |         13 |         12 |       0 |    1 |    40 |      0 |      0 |          0 |
|               INPUT_DOUBLE_REGS3                                                           |                                                                             xlnx_axi_uartlite_cdc_sync |          4 |          4 |       0 |    0 |     4 |      0 |      0 |          0 |
|               SRL_FIFO_I                                                                   |                                                                         xlnx_axi_uartlite_srl_fifo_f_0 |         19 |         11 |       0 |    8 |     6 |      0 |      0 |          0 |
|                 I_SRL_FIFO_RBU_F                                                           |                                                                     xlnx_axi_uartlite_srl_fifo_rbu_f_1 |         19 |         11 |       0 |    8 |     6 |      0 |      0 |          0 |
|                   (I_SRL_FIFO_RBU_F)                                                       |                                                                     xlnx_axi_uartlite_srl_fifo_rbu_f_1 |          1 |          1 |       0 |    0 |     1 |      0 |      0 |          0 |
|                   CNTR_INCR_DECR_ADDN_F_I                                                  |                                                              xlnx_axi_uartlite_cntr_incr_decr_addn_f_2 |          9 |          9 |       0 |    0 |     5 |      0 |      0 |          0 |
|                   DYNSHREG_F_I                                                             |                                                                         xlnx_axi_uartlite_dynshreg_f_3 |          9 |          1 |       0 |    8 |     0 |      0 |      0 |          0 |
|             UARTLITE_TX_I                                                                  |                                                                          xlnx_axi_uartlite_uartlite_tx |         30 |         21 |       0 |    9 |    18 |      0 |      0 |          0 |
|               (UARTLITE_TX_I)                                                              |                                                                          xlnx_axi_uartlite_uartlite_tx |          8 |          7 |       0 |    1 |    12 |      0 |      0 |          0 |
|               SRL_FIFO_I                                                                   |                                                                           xlnx_axi_uartlite_srl_fifo_f |         22 |         14 |       0 |    8 |     6 |      0 |      0 |          0 |
|                 I_SRL_FIFO_RBU_F                                                           |                                                                       xlnx_axi_uartlite_srl_fifo_rbu_f |         22 |         14 |       0 |    8 |     6 |      0 |      0 |          0 |
|                   (I_SRL_FIFO_RBU_F)                                                       |                                                                       xlnx_axi_uartlite_srl_fifo_rbu_f |          0 |          0 |       0 |    0 |     1 |      0 |      0 |          0 |
|                   CNTR_INCR_DECR_ADDN_F_I                                                  |                                                                xlnx_axi_uartlite_cntr_incr_decr_addn_f |         12 |         12 |       0 |    0 |     5 |      0 |      0 |          0 |
|                   DYNSHREG_F_I                                                             |                                                                           xlnx_axi_uartlite_dynshreg_f |         10 |          2 |       0 |    8 |     0 |      0 |      0 |          0 |
|     gpio_in_u                                                                              |                                                                                       xlnx_axi_gpio_in |        125 |        125 |       0 |    0 |   229 |      0 |      0 |          0 |
|       (gpio_in_u)                                                                          |                                                                                       xlnx_axi_gpio_in |          0 |          0 |       0 |    0 |     0 |      0 |      0 |          0 |
|       U0                                                                                   |                                                                              xlnx_axi_gpio_in_axi_gpio |        125 |        125 |       0 |    0 |   229 |      0 |      0 |          0 |
|         (U0)                                                                               |                                                                              xlnx_axi_gpio_in_axi_gpio |          0 |          0 |       0 |    0 |    25 |      0 |      0 |          0 |
|         AXI_LITE_IPIF_I                                                                    |                                                                         xlnx_axi_gpio_in_axi_lite_ipif |        101 |        101 |       0 |    0 |    64 |      0 |      0 |          0 |
|           I_SLAVE_ATTACHMENT                                                               |                                                                      xlnx_axi_gpio_in_slave_attachment |        101 |        101 |       0 |    0 |    64 |      0 |      0 |          0 |
|             (I_SLAVE_ATTACHMENT)                                                           |                                                                      xlnx_axi_gpio_in_slave_attachment |         39 |         39 |       0 |    0 |    42 |      0 |      0 |          0 |
|             I_DECODER                                                                      |                                                                       xlnx_axi_gpio_in_address_decoder |         62 |         62 |       0 |    0 |    22 |      0 |      0 |          0 |
|         INTR_CTRLR_GEN.INTERRUPT_CONTROL_I                                                 |                                                                     xlnx_axi_gpio_in_interrupt_control |          2 |          2 |       0 |    0 |     9 |      0 |      0 |          0 |
|         gpio_core_1                                                                        |                                                                             xlnx_axi_gpio_in_GPIO_Core |         22 |         22 |       0 |    0 |   131 |      0 |      0 |          0 |
|           (gpio_core_1)                                                                    |                                                                             xlnx_axi_gpio_in_GPIO_Core |          6 |          6 |       0 |    0 |    67 |      0 |      0 |          0 |
|           Not_Dual.INPUT_DOUBLE_REGS3                                                      |                                                                              xlnx_axi_gpio_in_cdc_sync |         16 |         16 |       0 |    0 |    64 |      0 |      0 |          0 |
|     gpio_out_u                                                                             |                                                                                      xlnx_axi_gpio_out |         64 |         64 |       0 |    0 |    96 |      0 |      0 |          0 |
|       (gpio_out_u)                                                                         |                                                                                      xlnx_axi_gpio_out |          0 |          0 |       0 |    0 |     0 |      0 |      0 |          0 |
|       U0                                                                                   |                                                                             xlnx_axi_gpio_out_axi_gpio |         64 |         64 |       0 |    0 |    96 |      0 |      0 |          0 |
|         (U0)                                                                               |                                                                             xlnx_axi_gpio_out_axi_gpio |          0 |          0 |       0 |    0 |    19 |      0 |      0 |          0 |
|         AXI_LITE_IPIF_I                                                                    |                                                                        xlnx_axi_gpio_out_axi_lite_ipif |         44 |         44 |       0 |    0 |    43 |      0 |      0 |          0 |
|           I_SLAVE_ATTACHMENT                                                               |                                                                     xlnx_axi_gpio_out_slave_attachment |         44 |         44 |       0 |    0 |    43 |      0 |      0 |          0 |
|             (I_SLAVE_ATTACHMENT)                                                           |                                                                     xlnx_axi_gpio_out_slave_attachment |         20 |         20 |       0 |    0 |    37 |      0 |      0 |          0 |
|             I_DECODER                                                                      |                                                                      xlnx_axi_gpio_out_address_decoder |         24 |         24 |       0 |    0 |     6 |      0 |      0 |          0 |
|               (I_DECODER)                                                                  |                                                                      xlnx_axi_gpio_out_address_decoder |         22 |         22 |       0 |    0 |     6 |      0 |      0 |          0 |
|               MEM_DECODE_GEN[0].PER_CE_GEN[0].MULTIPLE_CES_THIS_CS_GEN.CE_I                |                                                                            xlnx_axi_gpio_out_pselect_f |          1 |          1 |       0 |    0 |     0 |      0 |      0 |          0 |
|               MEM_DECODE_GEN[0].PER_CE_GEN[2].MULTIPLE_CES_THIS_CS_GEN.CE_I                |                                                            xlnx_axi_gpio_out_pselect_f__parameterized1 |          1 |          1 |       0 |    0 |     0 |      0 |      0 |          0 |
|         gpio_core_1                                                                        |                                                                            xlnx_axi_gpio_out_GPIO_Core |         20 |         20 |       0 |    0 |    34 |      0 |      0 |          0 |
|     peripheral_xbar_u                                                                      |                                                                               xlnx_peripheral_crossbar |        190 |        190 |       0 |    0 |    60 |      0 |      0 |          0 |
|       (peripheral_xbar_u)                                                                  |                                                                               xlnx_peripheral_crossbar |          0 |          0 |       0 |    0 |     0 |      0 |      0 |          0 |
|       inst                                                                                 |                                             xlnx_peripheral_crossbar_axi_crossbar_v2_1_34_axi_crossbar |        190 |        190 |       0 |    0 |    60 |      0 |      0 |          0 |
|         (inst)                                                                             |                                             xlnx_peripheral_crossbar_axi_crossbar_v2_1_34_axi_crossbar |          0 |          0 |       0 |    0 |     0 |      0 |      0 |          0 |
|         gen_sasd.crossbar_sasd_0                                                           |                                            xlnx_peripheral_crossbar_axi_crossbar_v2_1_34_crossbar_sasd |        190 |        190 |       0 |    0 |    60 |      0 |      0 |          0 |
|           (gen_sasd.crossbar_sasd_0)                                                       |                                            xlnx_peripheral_crossbar_axi_crossbar_v2_1_34_crossbar_sasd |         72 |         72 |       0 |    0 |    10 |      0 |      0 |          0 |
|           addr_arbiter_inst                                                                |                                        xlnx_peripheral_crossbar_axi_crossbar_v2_1_34_addr_arbiter_sasd |         93 |         93 |       0 |    0 |    41 |      0 |      0 |          0 |
|           gen_decerr.decerr_slave_inst                                                     |                                             xlnx_peripheral_crossbar_axi_crossbar_v2_1_34_decerr_slave |         10 |         10 |       0 |    0 |     4 |      0 |      0 |          0 |
|           splitter_ar                                                                      |                                 xlnx_peripheral_crossbar_axi_crossbar_v2_1_34_splitter__parameterized0 |          6 |          6 |       0 |    0 |     2 |      0 |      0 |          0 |
|           splitter_aw                                                                      |                                                 xlnx_peripheral_crossbar_axi_crossbar_v2_1_34_splitter |          9 |          9 |       0 |    0 |     3 |      0 |      0 |          0 |
|     tim0_u                                                                                 |                                                                                     xlnx_axilite_timer |        296 |        296 |       0 |    0 |   244 |      0 |      0 |          0 |
|       (tim0_u)                                                                             |                                                                                     xlnx_axilite_timer |          0 |          0 |       0 |    0 |     0 |      0 |      0 |          0 |
|       U0                                                                                   |                                                                           xlnx_axilite_timer_axi_timer |        296 |        296 |       0 |    0 |   244 |      0 |      0 |          0 |
|         (U0)                                                                               |                                                                           xlnx_axilite_timer_axi_timer |          0 |          0 |       0 |    0 |     0 |      0 |      0 |          0 |
|         AXI4_LITE_I                                                                        |                                                                       xlnx_axilite_timer_axi_lite_ipif |        123 |        123 |       0 |    0 |    62 |      0 |      0 |          0 |
|           I_SLAVE_ATTACHMENT                                                               |                                                                    xlnx_axilite_timer_slave_attachment |        123 |        123 |       0 |    0 |    62 |      0 |      0 |          0 |
|             (I_SLAVE_ATTACHMENT)                                                           |                                                                    xlnx_axilite_timer_slave_attachment |         14 |         14 |       0 |    0 |    54 |      0 |      0 |          0 |
|             I_DECODER                                                                      |                                                                     xlnx_axilite_timer_address_decoder |        109 |        109 |       0 |    0 |     8 |      0 |      0 |          0 |
|               (I_DECODER)                                                                  |                                                                     xlnx_axilite_timer_address_decoder |        103 |        103 |       0 |    0 |     8 |      0 |      0 |          0 |
|               MEM_DECODE_GEN[0].PER_CE_GEN[0].MULTIPLE_CES_THIS_CS_GEN.CE_I                |                                                                           xlnx_axilite_timer_pselect_f |          1 |          1 |       0 |    0 |     0 |      0 |      0 |          0 |
|               MEM_DECODE_GEN[0].PER_CE_GEN[2].MULTIPLE_CES_THIS_CS_GEN.CE_I                |                                                           xlnx_axilite_timer_pselect_f__parameterized1 |          1 |          1 |       0 |    0 |     0 |      0 |      0 |          0 |
|               MEM_DECODE_GEN[0].PER_CE_GEN[4].MULTIPLE_CES_THIS_CS_GEN.CE_I                |                                                           xlnx_axilite_timer_pselect_f__parameterized3 |          1 |          1 |       0 |    0 |     0 |      0 |      0 |          0 |
|               MEM_DECODE_GEN[0].PER_CE_GEN[5].MULTIPLE_CES_THIS_CS_GEN.CE_I                |                                                           xlnx_axilite_timer_pselect_f__parameterized4 |          1 |          1 |       0 |    0 |     0 |      0 |      0 |          0 |
|               MEM_DECODE_GEN[0].PER_CE_GEN[6].MULTIPLE_CES_THIS_CS_GEN.CE_I                |                                                           xlnx_axilite_timer_pselect_f__parameterized5 |          1 |          1 |       0 |    0 |     0 |      0 |      0 |          0 |
|               MEM_DECODE_GEN[0].PER_CE_GEN[7].MULTIPLE_CES_THIS_CS_GEN.CE_I                |                                                           xlnx_axilite_timer_pselect_f__parameterized6 |          1 |          1 |       0 |    0 |     0 |      0 |      0 |          0 |
|         TC_CORE_I                                                                          |                                                                             xlnx_axilite_timer_tc_core |        173 |        173 |       0 |    0 |   182 |      0 |      0 |          0 |
|           (TC_CORE_I)                                                                      |                                                                             xlnx_axilite_timer_tc_core |          0 |          0 |       0 |    0 |     1 |      0 |      0 |          0 |
|           COUNTER_0_I                                                                      |                                                                        xlnx_axilite_timer_count_module |         50 |         50 |       0 |    0 |    65 |      0 |      0 |          0 |
|             (COUNTER_0_I)                                                                  |                                                                        xlnx_axilite_timer_count_module |          0 |          0 |       0 |    0 |    32 |      0 |      0 |          0 |
|             COUNTER_I                                                                      |                                                                         xlnx_axilite_timer_counter_f_1 |         50 |         50 |       0 |    0 |    33 |      0 |      0 |          0 |
|           GEN_SECOND_TIMER.COUNTER_1_I                                                     |                                                                      xlnx_axilite_timer_count_module_0 |         83 |         83 |       0 |    0 |    65 |      0 |      0 |          0 |
|             (GEN_SECOND_TIMER.COUNTER_1_I)                                                 |                                                                      xlnx_axilite_timer_count_module_0 |          0 |          0 |       0 |    0 |    32 |      0 |      0 |          0 |
|             COUNTER_I                                                                      |                                                                           xlnx_axilite_timer_counter_f |         83 |         83 |       0 |    0 |    33 |      0 |      0 |          0 |
|           READ_MUX_I                                                                       |                                                                        xlnx_axilite_timer_mux_onehot_f |          0 |          0 |       0 |    0 |     0 |      0 |      0 |          0 |
|           TIMER_CONTROL_I                                                                  |                                                                       xlnx_axilite_timer_timer_control |         42 |         42 |       0 |    0 |    51 |      0 |      0 |          0 |
|             (TIMER_CONTROL_I)                                                              |                                                                       xlnx_axilite_timer_timer_control |         42 |         42 |       0 |    0 |    39 |      0 |      0 |          0 |
|             INPUT_DOUBLE_REGS                                                              |                                                                         xlnx_axilite_timer_cdc_sync__2 |          0 |          0 |       0 |    0 |     4 |      0 |      0 |          0 |
|             INPUT_DOUBLE_REGS2                                                             |                                                                            xlnx_axilite_timer_cdc_sync |          0 |          0 |       0 |    0 |     4 |      0 |      0 |          0 |
|             INPUT_DOUBLE_REGS3                                                             |                                                                         xlnx_axilite_timer_cdc_sync__1 |          0 |          0 |       0 |    0 |     4 |      0 |      0 |          0 |
|     tim1_u                                                                                 |                                                                                xlnx_axilite_timer_HD27 |        296 |        296 |       0 |    0 |   244 |      0 |      0 |          0 |
|       (tim1_u)                                                                             |                                                                                xlnx_axilite_timer_HD27 |          0 |          0 |       0 |    0 |     0 |      0 |      0 |          0 |
|       U0                                                                                   |                                                                      xlnx_axilite_timer_axi_timer_HD28 |        296 |        296 |       0 |    0 |   244 |      0 |      0 |          0 |
|         (U0)                                                                               |                                                                      xlnx_axilite_timer_axi_timer_HD28 |          0 |          0 |       0 |    0 |     0 |      0 |      0 |          0 |
|         AXI4_LITE_I                                                                        |                                                                  xlnx_axilite_timer_axi_lite_ipif_HD29 |        123 |        123 |       0 |    0 |    62 |      0 |      0 |          0 |
|           I_SLAVE_ATTACHMENT                                                               |                                                               xlnx_axilite_timer_slave_attachment_HD30 |        123 |        123 |       0 |    0 |    62 |      0 |      0 |          0 |
|             (I_SLAVE_ATTACHMENT)                                                           |                                                               xlnx_axilite_timer_slave_attachment_HD30 |         14 |         14 |       0 |    0 |    54 |      0 |      0 |          0 |
|             I_DECODER                                                                      |                                                                xlnx_axilite_timer_address_decoder_HD31 |        109 |        109 |       0 |    0 |     8 |      0 |      0 |          0 |
|               (I_DECODER)                                                                  |                                                                xlnx_axilite_timer_address_decoder_HD31 |        103 |        103 |       0 |    0 |     8 |      0 |      0 |          0 |
|               MEM_DECODE_GEN[0].PER_CE_GEN[0].MULTIPLE_CES_THIS_CS_GEN.CE_I                |                                                                      xlnx_axilite_timer_pselect_f_HD32 |          1 |          1 |       0 |    0 |     0 |      0 |      0 |          0 |
|               MEM_DECODE_GEN[0].PER_CE_GEN[2].MULTIPLE_CES_THIS_CS_GEN.CE_I                |                                                      xlnx_axilite_timer_pselect_f__parameterized1_HD33 |          1 |          1 |       0 |    0 |     0 |      0 |      0 |          0 |
|               MEM_DECODE_GEN[0].PER_CE_GEN[4].MULTIPLE_CES_THIS_CS_GEN.CE_I                |                                                      xlnx_axilite_timer_pselect_f__parameterized3_HD34 |          1 |          1 |       0 |    0 |     0 |      0 |      0 |          0 |
|               MEM_DECODE_GEN[0].PER_CE_GEN[5].MULTIPLE_CES_THIS_CS_GEN.CE_I                |                                                      xlnx_axilite_timer_pselect_f__parameterized4_HD35 |          1 |          1 |       0 |    0 |     0 |      0 |      0 |          0 |
|               MEM_DECODE_GEN[0].PER_CE_GEN[6].MULTIPLE_CES_THIS_CS_GEN.CE_I                |                                                      xlnx_axilite_timer_pselect_f__parameterized5_HD36 |          1 |          1 |       0 |    0 |     0 |      0 |      0 |          0 |
|               MEM_DECODE_GEN[0].PER_CE_GEN[7].MULTIPLE_CES_THIS_CS_GEN.CE_I                |                                                      xlnx_axilite_timer_pselect_f__parameterized6_HD37 |          1 |          1 |       0 |    0 |     0 |      0 |      0 |          0 |
|         TC_CORE_I                                                                          |                                                                        xlnx_axilite_timer_tc_core_HD38 |        173 |        173 |       0 |    0 |   182 |      0 |      0 |          0 |
|           (TC_CORE_I)                                                                      |                                                                        xlnx_axilite_timer_tc_core_HD38 |          0 |          0 |       0 |    0 |     1 |      0 |      0 |          0 |
|           COUNTER_0_I                                                                      |                                                                   xlnx_axilite_timer_count_module_HD39 |         50 |         50 |       0 |    0 |    65 |      0 |      0 |          0 |
|             (COUNTER_0_I)                                                                  |                                                                   xlnx_axilite_timer_count_module_HD39 |          0 |          0 |       0 |    0 |    32 |      0 |      0 |          0 |
|             COUNTER_I                                                                      |                                                                    xlnx_axilite_timer_counter_f_1_HD40 |         50 |         50 |       0 |    0 |    33 |      0 |      0 |          0 |
|           GEN_SECOND_TIMER.COUNTER_1_I                                                     |                                                                 xlnx_axilite_timer_count_module_0_HD41 |         83 |         83 |       0 |    0 |    65 |      0 |      0 |          0 |
|             (GEN_SECOND_TIMER.COUNTER_1_I)                                                 |                                                                 xlnx_axilite_timer_count_module_0_HD41 |          0 |          0 |       0 |    0 |    32 |      0 |      0 |          0 |
|             COUNTER_I                                                                      |                                                                      xlnx_axilite_timer_counter_f_HD42 |         83 |         83 |       0 |    0 |    33 |      0 |      0 |          0 |
|           READ_MUX_I                                                                       |                                                                   xlnx_axilite_timer_mux_onehot_f_HD43 |          0 |          0 |       0 |    0 |     0 |      0 |      0 |          0 |
|           TIMER_CONTROL_I                                                                  |                                                                  xlnx_axilite_timer_timer_control_HD44 |         42 |         42 |       0 |    0 |    51 |      0 |      0 |          0 |
|             (TIMER_CONTROL_I)                                                              |                                                                  xlnx_axilite_timer_timer_control_HD44 |         42 |         42 |       0 |    0 |    39 |      0 |      0 |          0 |
|             INPUT_DOUBLE_REGS                                                              |                                                                    xlnx_axilite_timer_cdc_sync__2_HD45 |          0 |          0 |       0 |    0 |     4 |      0 |      0 |          0 |
|             INPUT_DOUBLE_REGS2                                                             |                                                                       xlnx_axilite_timer_cdc_sync_HD46 |          0 |          0 |       0 |    0 |     4 |      0 |      0 |          0 |
|             INPUT_DOUBLE_REGS3                                                             |                                                                    xlnx_axilite_timer_cdc_sync__1_HD47 |          0 |          0 |       0 |    0 |     4 |      0 |      0 |          0 |
|     xpm_cdc_array_single_inst                                                              |                                                                                   xpm_cdc_array_single |          0 |          0 |       0 |    0 |    20 |      0 |      0 |          0 |
|   plic_wrapper_u                                                                           |                                                                                           plic_wrapper |        947 |        947 |       0 |    0 |   575 |      0 |      0 |          0 |
|     (plic_wrapper_u)                                                                       |                                                                                           plic_wrapper |          0 |          0 |       0 |    0 |     0 |      0 |      0 |          0 |
|     custom_rv_plic_u                                                                       |                                                                                         custom_rv_plic |        947 |        947 |       0 |    0 |   575 |      0 |      0 |          0 |
|       (custom_rv_plic_u)                                                                   |                                                                                         custom_rv_plic |          0 |          0 |       0 |    0 |     0 |      0 |      0 |          0 |
|       inst                                                                                 |                                                                      custom_rv_plic_custom_top_wrapper |        947 |        947 |       0 |    0 |   575 |      0 |      0 |          0 |
|         axi_to_reg_v2_u                                                                    |                                                                           custom_rv_plic_axi_to_reg_v2 |        702 |        702 |       0 |    0 |   277 |      0 |      0 |          0 |
|           gen_tcdm_to_reg[0].i_periph_to_reg                                               |                                                                           custom_rv_plic_periph_to_reg |          0 |          0 |       0 |    0 |    34 |      0 |      0 |          0 |
|           i_axi_to_detailed_mem                                                            |                                                                     custom_rv_plic_axi_to_detailed_mem |        702 |        702 |       0 |    0 |   243 |      0 |      0 |          0 |
|             (i_axi_to_detailed_mem)                                                        |                                                                     custom_rv_plic_axi_to_detailed_mem |        195 |        195 |       0 |    0 |   103 |      0 |      0 |          0 |
|             i_fork                                                                         |                                                                             custom_rv_plic_stream_fork |          4 |          4 |       0 |    0 |     4 |      0 |      0 |          0 |
|             i_fork_dynamic                                                                 |                                                                     custom_rv_plic_stream_fork_dynamic |         36 |         36 |       0 |    0 |     3 |      0 |      0 |          0 |
|               i_fork                                                                       |                                                             custom_rv_plic_stream_fork__parameterized0 |         36 |         36 |       0 |    0 |     3 |      0 |      0 |          0 |
|             i_mem_to_banks                                                                 |                                                            custom_rv_plic_mem_stream_to_banks_detailed |        395 |        395 |       0 |    0 |    99 |      0 |      0 |          0 |
|               (i_mem_to_banks)                                                             |                                                            custom_rv_plic_mem_stream_to_banks_detailed |          1 |          1 |       0 |    0 |     2 |      0 |      0 |          0 |
|               gen_reqs[0].i_ft_reg                                                         |                                                             custom_rv_plic_stream_fifo__parameterized1 |        345 |        345 |       0 |    0 |    62 |      0 |      0 |          0 |
|                 fifo_i                                                                     |                                                                 custom_rv_plic_fifo_v3__parameterized1 |        345 |        345 |       0 |    0 |    62 |      0 |      0 |          0 |
|               gen_resp_regs[0].i_ft_reg                                                    |                                                             custom_rv_plic_stream_fifo__parameterized2 |         49 |         49 |       0 |    0 |    35 |      0 |      0 |          0 |
|                 fifo_i                                                                     |                                                                 custom_rv_plic_fifo_v3__parameterized2 |         49 |         49 |       0 |    0 |    35 |      0 |      0 |          0 |
|             i_meta_buf                                                                     |                                                             custom_rv_plic_stream_fifo__parameterized0 |         46 |         46 |       0 |    0 |    26 |      0 |      0 |          0 |
|               fifo_i                                                                       |                                                                 custom_rv_plic_fifo_v3__parameterized0 |         46 |         46 |       0 |    0 |    26 |      0 |      0 |          0 |
|             i_sel_buf                                                                      |                                                                             custom_rv_plic_stream_fifo |         26 |         26 |       0 |    0 |     8 |      0 |      0 |          0 |
|               fifo_i                                                                       |                                                                                 custom_rv_plic_fifo_v3 |         26 |         26 |       0 |    0 |     8 |      0 |      0 |          0 |
|         rv_plic_u                                                                          |                                                                                 custom_rv_plic_rv_plic |        245 |        245 |       0 |    0 |   298 |      0 |      0 |          0 |
|           (rv_plic_u)                                                                      |                                                                                 custom_rv_plic_rv_plic |          1 |          1 |       0 |    0 |     0 |      0 |      0 |          0 |
|           gen_target[0].u_target                                                           |                                                                          custom_rv_plic_rv_plic_target |         38 |         38 |       0 |    0 |     6 |      0 |      0 |          0 |
|           u_gateway                                                                        |                                                                         custom_rv_plic_rv_plic_gateway |         35 |         35 |       0 |    0 |    64 |      0 |      0 |          0 |
|           u_prim_flop_2sync                                                                |                                                                         custom_rv_plic_prim_flop_2sync |          0 |          0 |       0 |    0 |    64 |      0 |      0 |          0 |
|             gen_syncs[0].i_sync                                                            |                                                                                    custom_rv_plic_sync |          0 |          0 |       0 |    0 |     2 |      0 |      0 |          0 |
|             gen_syncs[10].i_sync                                                           |                                                                                 custom_rv_plic_sync_95 |          0 |          0 |       0 |    0 |     2 |      0 |      0 |          0 |
|             gen_syncs[11].i_sync                                                           |                                                                                 custom_rv_plic_sync_96 |          0 |          0 |       0 |    0 |     2 |      0 |      0 |          0 |
|             gen_syncs[12].i_sync                                                           |                                                                                 custom_rv_plic_sync_97 |          0 |          0 |       0 |    0 |     2 |      0 |      0 |          0 |
|             gen_syncs[13].i_sync                                                           |                                                                                 custom_rv_plic_sync_98 |          0 |          0 |       0 |    0 |     2 |      0 |      0 |          0 |
|             gen_syncs[14].i_sync                                                           |                                                                                 custom_rv_plic_sync_99 |          0 |          0 |       0 |    0 |     2 |      0 |      0 |          0 |
|             gen_syncs[15].i_sync                                                           |                                                                                custom_rv_plic_sync_100 |          0 |          0 |       0 |    0 |     2 |      0 |      0 |          0 |
|             gen_syncs[16].i_sync                                                           |                                                                                custom_rv_plic_sync_101 |          0 |          0 |       0 |    0 |     2 |      0 |      0 |          0 |
|             gen_syncs[17].i_sync                                                           |                                                                                custom_rv_plic_sync_102 |          0 |          0 |       0 |    0 |     2 |      0 |      0 |          0 |
|             gen_syncs[18].i_sync                                                           |                                                                                custom_rv_plic_sync_103 |          0 |          0 |       0 |    0 |     2 |      0 |      0 |          0 |
|             gen_syncs[19].i_sync                                                           |                                                                                custom_rv_plic_sync_104 |          0 |          0 |       0 |    0 |     2 |      0 |      0 |          0 |
|             gen_syncs[1].i_sync                                                            |                                                                                custom_rv_plic_sync_105 |          0 |          0 |       0 |    0 |     2 |      0 |      0 |          0 |
|             gen_syncs[20].i_sync                                                           |                                                                                custom_rv_plic_sync_106 |          0 |          0 |       0 |    0 |     2 |      0 |      0 |          0 |
|             gen_syncs[21].i_sync                                                           |                                                                                custom_rv_plic_sync_107 |          0 |          0 |       0 |    0 |     2 |      0 |      0 |          0 |
|             gen_syncs[22].i_sync                                                           |                                                                                custom_rv_plic_sync_108 |          0 |          0 |       0 |    0 |     2 |      0 |      0 |          0 |
|             gen_syncs[23].i_sync                                                           |                                                                                custom_rv_plic_sync_109 |          0 |          0 |       0 |    0 |     2 |      0 |      0 |          0 |
|             gen_syncs[24].i_sync                                                           |                                                                                custom_rv_plic_sync_110 |          0 |          0 |       0 |    0 |     2 |      0 |      0 |          0 |
|             gen_syncs[25].i_sync                                                           |                                                                                custom_rv_plic_sync_111 |          0 |          0 |       0 |    0 |     2 |      0 |      0 |          0 |
|             gen_syncs[26].i_sync                                                           |                                                                                custom_rv_plic_sync_112 |          0 |          0 |       0 |    0 |     2 |      0 |      0 |          0 |
|             gen_syncs[27].i_sync                                                           |                                                                                custom_rv_plic_sync_113 |          0 |          0 |       0 |    0 |     2 |      0 |      0 |          0 |
|             gen_syncs[28].i_sync                                                           |                                                                                custom_rv_plic_sync_114 |          0 |          0 |       0 |    0 |     2 |      0 |      0 |          0 |
|             gen_syncs[29].i_sync                                                           |                                                                                custom_rv_plic_sync_115 |          0 |          0 |       0 |    0 |     2 |      0 |      0 |          0 |
|             gen_syncs[2].i_sync                                                            |                                                                                custom_rv_plic_sync_116 |          0 |          0 |       0 |    0 |     2 |      0 |      0 |          0 |
|             gen_syncs[30].i_sync                                                           |                                                                                custom_rv_plic_sync_117 |          0 |          0 |       0 |    0 |     2 |      0 |      0 |          0 |
|             gen_syncs[31].i_sync                                                           |                                                                                custom_rv_plic_sync_118 |          0 |          0 |       0 |    0 |     2 |      0 |      0 |          0 |
|             gen_syncs[3].i_sync                                                            |                                                                                custom_rv_plic_sync_119 |          0 |          0 |       0 |    0 |     2 |      0 |      0 |          0 |
|             gen_syncs[4].i_sync                                                            |                                                                                custom_rv_plic_sync_120 |          0 |          0 |       0 |    0 |     2 |      0 |      0 |          0 |
|             gen_syncs[5].i_sync                                                            |                                                                                custom_rv_plic_sync_121 |          0 |          0 |       0 |    0 |     2 |      0 |      0 |          0 |
|             gen_syncs[6].i_sync                                                            |                                                                                custom_rv_plic_sync_122 |          0 |          0 |       0 |    0 |     2 |      0 |      0 |          0 |
|             gen_syncs[7].i_sync                                                            |                                                                                custom_rv_plic_sync_123 |          0 |          0 |       0 |    0 |     2 |      0 |      0 |          0 |
|             gen_syncs[8].i_sync                                                            |                                                                                custom_rv_plic_sync_124 |          0 |          0 |       0 |    0 |     2 |      0 |      0 |          0 |
|             gen_syncs[9].i_sync                                                            |                                                                                custom_rv_plic_sync_125 |          0 |          0 |       0 |    0 |     2 |      0 |      0 |          0 |
|           u_reg                                                                            |                                                                         custom_rv_plic_rv_plic_reg_top |        171 |        171 |       0 |    0 |   164 |      0 |      0 |          0 |
|             u_ie0_e_0                                                                      |                                                             custom_rv_plic_prim_subreg__parameterized1 |          1 |          1 |       0 |    0 |     1 |      0 |      0 |          0 |
|             u_ie0_e_1                                                                      |                                                           custom_rv_plic_prim_subreg__parameterized1_0 |          0 |          0 |       0 |    0 |     1 |      0 |      0 |          0 |
|             u_ie0_e_10                                                                     |                                                           custom_rv_plic_prim_subreg__parameterized1_1 |          0 |          0 |       0 |    0 |     1 |      0 |      0 |          0 |
|             u_ie0_e_11                                                                     |                                                           custom_rv_plic_prim_subreg__parameterized1_2 |          2 |          2 |       0 |    0 |     1 |      0 |      0 |          0 |
|             u_ie0_e_12                                                                     |                                                           custom_rv_plic_prim_subreg__parameterized1_3 |          0 |          0 |       0 |    0 |     1 |      0 |      0 |          0 |
|             u_ie0_e_13                                                                     |                                                           custom_rv_plic_prim_subreg__parameterized1_4 |          1 |          1 |       0 |    0 |     1 |      0 |      0 |          0 |
|             u_ie0_e_14                                                                     |                                                           custom_rv_plic_prim_subreg__parameterized1_5 |          0 |          0 |       0 |    0 |     1 |      0 |      0 |          0 |
|             u_ie0_e_15                                                                     |                                                           custom_rv_plic_prim_subreg__parameterized1_6 |          1 |          1 |       0 |    0 |     1 |      0 |      0 |          0 |
|             u_ie0_e_16                                                                     |                                                           custom_rv_plic_prim_subreg__parameterized1_7 |          0 |          0 |       0 |    0 |     1 |      0 |      0 |          0 |
|             u_ie0_e_17                                                                     |                                                           custom_rv_plic_prim_subreg__parameterized1_8 |          1 |          1 |       0 |    0 |     1 |      0 |      0 |          0 |
|             u_ie0_e_18                                                                     |                                                           custom_rv_plic_prim_subreg__parameterized1_9 |          0 |          0 |       0 |    0 |     1 |      0 |      0 |          0 |
|             u_ie0_e_19                                                                     |                                                          custom_rv_plic_prim_subreg__parameterized1_10 |          1 |          1 |       0 |    0 |     1 |      0 |      0 |          0 |
|             u_ie0_e_2                                                                      |                                                          custom_rv_plic_prim_subreg__parameterized1_11 |          0 |          0 |       0 |    0 |     1 |      0 |      0 |          0 |
|             u_ie0_e_20                                                                     |                                                          custom_rv_plic_prim_subreg__parameterized1_12 |          0 |          0 |       0 |    0 |     1 |      0 |      0 |          0 |
|             u_ie0_e_21                                                                     |                                                          custom_rv_plic_prim_subreg__parameterized1_13 |          1 |          1 |       0 |    0 |     1 |      0 |      0 |          0 |
|             u_ie0_e_22                                                                     |                                                          custom_rv_plic_prim_subreg__parameterized1_14 |          1 |          1 |       0 |    0 |     1 |      0 |      0 |          0 |
|             u_ie0_e_23                                                                     |                                                          custom_rv_plic_prim_subreg__parameterized1_15 |          1 |          1 |       0 |    0 |     1 |      0 |      0 |          0 |
|             u_ie0_e_24                                                                     |                                                          custom_rv_plic_prim_subreg__parameterized1_16 |          0 |          0 |       0 |    0 |     1 |      0 |      0 |          0 |
|             u_ie0_e_25                                                                     |                                                          custom_rv_plic_prim_subreg__parameterized1_17 |          1 |          1 |       0 |    0 |     1 |      0 |      0 |          0 |
|             u_ie0_e_26                                                                     |                                                          custom_rv_plic_prim_subreg__parameterized1_18 |          0 |          0 |       0 |    0 |     1 |      0 |      0 |          0 |
|             u_ie0_e_27                                                                     |                                                          custom_rv_plic_prim_subreg__parameterized1_19 |          1 |          1 |       0 |    0 |     1 |      0 |      0 |          0 |
|             u_ie0_e_28                                                                     |                                                          custom_rv_plic_prim_subreg__parameterized1_20 |          0 |          0 |       0 |    0 |     1 |      0 |      0 |          0 |
|             u_ie0_e_29                                                                     |                                                          custom_rv_plic_prim_subreg__parameterized1_21 |          1 |          1 |       0 |    0 |     1 |      0 |      0 |          0 |
|             u_ie0_e_3                                                                      |                                                          custom_rv_plic_prim_subreg__parameterized1_22 |          1 |          1 |       0 |    0 |     1 |      0 |      0 |          0 |
|             u_ie0_e_30                                                                     |                                                          custom_rv_plic_prim_subreg__parameterized1_23 |          0 |          0 |       0 |    0 |     1 |      0 |      0 |          0 |
|             u_ie0_e_31                                                                     |                                                          custom_rv_plic_prim_subreg__parameterized1_24 |          1 |          1 |       0 |    0 |     1 |      0 |      0 |          0 |
|             u_ie0_e_4                                                                      |                                                          custom_rv_plic_prim_subreg__parameterized1_25 |          0 |          0 |       0 |    0 |     1 |      0 |      0 |          0 |
|             u_ie0_e_5                                                                      |                                                          custom_rv_plic_prim_subreg__parameterized1_26 |          1 |          1 |       0 |    0 |     1 |      0 |      0 |          0 |
|             u_ie0_e_6                                                                      |                                                          custom_rv_plic_prim_subreg__parameterized1_27 |          0 |          0 |       0 |    0 |     1 |      0 |      0 |          0 |
|             u_ie0_e_7                                                                      |                                                          custom_rv_plic_prim_subreg__parameterized1_28 |          1 |          1 |       0 |    0 |     1 |      0 |      0 |          0 |
|             u_ie0_e_8                                                                      |                                                          custom_rv_plic_prim_subreg__parameterized1_29 |          0 |          0 |       0 |    0 |     1 |      0 |      0 |          0 |
|             u_ie0_e_9                                                                      |                                                          custom_rv_plic_prim_subreg__parameterized1_30 |          1 |          1 |       0 |    0 |     1 |      0 |      0 |          0 |
|             u_ip_p_0                                                                       |                                                             custom_rv_plic_prim_subreg__parameterized0 |          0 |          0 |       0 |    0 |     1 |      0 |      0 |          0 |
|             u_ip_p_1                                                                       |                                                          custom_rv_plic_prim_subreg__parameterized0_31 |          1 |          1 |       0 |    0 |     1 |      0 |      0 |          0 |
|             u_ip_p_10                                                                      |                                                          custom_rv_plic_prim_subreg__parameterized0_32 |          0 |          0 |       0 |    0 |     1 |      0 |      0 |          0 |
|             u_ip_p_11                                                                      |                                                          custom_rv_plic_prim_subreg__parameterized0_33 |          0 |          0 |       0 |    0 |     1 |      0 |      0 |          0 |
|             u_ip_p_12                                                                      |                                                          custom_rv_plic_prim_subreg__parameterized0_34 |          0 |          0 |       0 |    0 |     1 |      0 |      0 |          0 |
|             u_ip_p_13                                                                      |                                                          custom_rv_plic_prim_subreg__parameterized0_35 |          0 |          0 |       0 |    0 |     1 |      0 |      0 |          0 |
|             u_ip_p_14                                                                      |                                                          custom_rv_plic_prim_subreg__parameterized0_36 |          0 |          0 |       0 |    0 |     1 |      0 |      0 |          0 |
|             u_ip_p_15                                                                      |                                                          custom_rv_plic_prim_subreg__parameterized0_37 |          0 |          0 |       0 |    0 |     1 |      0 |      0 |          0 |
|             u_ip_p_16                                                                      |                                                          custom_rv_plic_prim_subreg__parameterized0_38 |          0 |          0 |       0 |    0 |     1 |      0 |      0 |          0 |
|             u_ip_p_17                                                                      |                                                          custom_rv_plic_prim_subreg__parameterized0_39 |          0 |          0 |       0 |    0 |     1 |      0 |      0 |          0 |
|             u_ip_p_18                                                                      |                                                          custom_rv_plic_prim_subreg__parameterized0_40 |          0 |          0 |       0 |    0 |     1 |      0 |      0 |          0 |
|             u_ip_p_19                                                                      |                                                          custom_rv_plic_prim_subreg__parameterized0_41 |          0 |          0 |       0 |    0 |     1 |      0 |      0 |          0 |
|             u_ip_p_2                                                                       |                                                          custom_rv_plic_prim_subreg__parameterized0_42 |          1 |          1 |       0 |    0 |     1 |      0 |      0 |          0 |
|             u_ip_p_20                                                                      |                                                          custom_rv_plic_prim_subreg__parameterized0_43 |          0 |          0 |       0 |    0 |     1 |      0 |      0 |          0 |
|             u_ip_p_21                                                                      |                                                          custom_rv_plic_prim_subreg__parameterized0_44 |          0 |          0 |       0 |    0 |     1 |      0 |      0 |          0 |
|             u_ip_p_22                                                                      |                                                          custom_rv_plic_prim_subreg__parameterized0_45 |          0 |          0 |       0 |    0 |     1 |      0 |      0 |          0 |
|             u_ip_p_23                                                                      |                                                          custom_rv_plic_prim_subreg__parameterized0_46 |          0 |          0 |       0 |    0 |     1 |      0 |      0 |          0 |
|             u_ip_p_24                                                                      |                                                          custom_rv_plic_prim_subreg__parameterized0_47 |          0 |          0 |       0 |    0 |     1 |      0 |      0 |          0 |
|             u_ip_p_25                                                                      |                                                          custom_rv_plic_prim_subreg__parameterized0_48 |          0 |          0 |       0 |    0 |     1 |      0 |      0 |          0 |
|             u_ip_p_26                                                                      |                                                          custom_rv_plic_prim_subreg__parameterized0_49 |          0 |          0 |       0 |    0 |     1 |      0 |      0 |          0 |
|             u_ip_p_27                                                                      |                                                          custom_rv_plic_prim_subreg__parameterized0_50 |          0 |          0 |       0 |    0 |     1 |      0 |      0 |          0 |
|             u_ip_p_28                                                                      |                                                          custom_rv_plic_prim_subreg__parameterized0_51 |          0 |          0 |       0 |    0 |     1 |      0 |      0 |          0 |
|             u_ip_p_29                                                                      |                                                          custom_rv_plic_prim_subreg__parameterized0_52 |          0 |          0 |       0 |    0 |     1 |      0 |      0 |          0 |
|             u_ip_p_3                                                                       |                                                          custom_rv_plic_prim_subreg__parameterized0_53 |          0 |          0 |       0 |    0 |     1 |      0 |      0 |          0 |
|             u_ip_p_30                                                                      |                                                          custom_rv_plic_prim_subreg__parameterized0_54 |          0 |          0 |       0 |    0 |     1 |      0 |      0 |          0 |
|             u_ip_p_31                                                                      |                                                          custom_rv_plic_prim_subreg__parameterized0_55 |          0 |          0 |       0 |    0 |     1 |      0 |      0 |          0 |
|             u_ip_p_4                                                                       |                                                          custom_rv_plic_prim_subreg__parameterized0_56 |          0 |          0 |       0 |    0 |     1 |      0 |      0 |          0 |
|             u_ip_p_5                                                                       |                                                          custom_rv_plic_prim_subreg__parameterized0_57 |          0 |          0 |       0 |    0 |     1 |      0 |      0 |          0 |
|             u_ip_p_6                                                                       |                                                          custom_rv_plic_prim_subreg__parameterized0_58 |          0 |          0 |       0 |    0 |     1 |      0 |      0 |          0 |
|             u_ip_p_7                                                                       |                                                          custom_rv_plic_prim_subreg__parameterized0_59 |          0 |          0 |       0 |    0 |     1 |      0 |      0 |          0 |
|             u_ip_p_8                                                                       |                                                          custom_rv_plic_prim_subreg__parameterized0_60 |          0 |          0 |       0 |    0 |     1 |      0 |      0 |          0 |
|             u_ip_p_9                                                                       |                                                          custom_rv_plic_prim_subreg__parameterized0_61 |          0 |          0 |       0 |    0 |     1 |      0 |      0 |          0 |
|             u_msip0                                                                        |                                                          custom_rv_plic_prim_subreg__parameterized1_62 |          0 |          0 |       0 |    0 |     1 |      0 |      0 |          0 |
|             u_prio0                                                                        |                                                                             custom_rv_plic_prim_subreg |          0 |          0 |       0 |    0 |     3 |      0 |      0 |          0 |
|             u_prio1                                                                        |                                                                          custom_rv_plic_prim_subreg_63 |         29 |         29 |       0 |    0 |     3 |      0 |      0 |          0 |
|             u_prio10                                                                       |                                                                          custom_rv_plic_prim_subreg_64 |          0 |          0 |       0 |    0 |     3 |      0 |      0 |          0 |
|             u_prio11                                                                       |                                                                          custom_rv_plic_prim_subreg_65 |          7 |          7 |       0 |    0 |     3 |      0 |      0 |          0 |
|             u_prio12                                                                       |                                                                          custom_rv_plic_prim_subreg_66 |          0 |          0 |       0 |    0 |     3 |      0 |      0 |          0 |
|             u_prio13                                                                       |                                                                          custom_rv_plic_prim_subreg_67 |         14 |         14 |       0 |    0 |     3 |      0 |      0 |          0 |
|             u_prio14                                                                       |                                                                          custom_rv_plic_prim_subreg_68 |          0 |          0 |       0 |    0 |     3 |      0 |      0 |          0 |
|             u_prio15                                                                       |                                                                          custom_rv_plic_prim_subreg_69 |          4 |          4 |       0 |    0 |     3 |      0 |      0 |          0 |
|             u_prio16                                                                       |                                                                          custom_rv_plic_prim_subreg_70 |          0 |          0 |       0 |    0 |     3 |      0 |      0 |          0 |
|             u_prio17                                                                       |                                                                          custom_rv_plic_prim_subreg_71 |         20 |         20 |       0 |    0 |     3 |      0 |      0 |          0 |
|             u_prio18                                                                       |                                                                          custom_rv_plic_prim_subreg_72 |          0 |          0 |       0 |    0 |     3 |      0 |      0 |          0 |
|             u_prio19                                                                       |                                                                          custom_rv_plic_prim_subreg_73 |          4 |          4 |       0 |    0 |     3 |      0 |      0 |          0 |
|             u_prio2                                                                        |                                                                          custom_rv_plic_prim_subreg_74 |          0 |          0 |       0 |    0 |     3 |      0 |      0 |          0 |
|             u_prio20                                                                       |                                                                          custom_rv_plic_prim_subreg_75 |          0 |          0 |       0 |    0 |     3 |      0 |      0 |          0 |
|             u_prio21                                                                       |                                                                          custom_rv_plic_prim_subreg_76 |          5 |          5 |       0 |    0 |     3 |      0 |      0 |          0 |
|             u_prio22                                                                       |                                                                          custom_rv_plic_prim_subreg_77 |          0 |          0 |       0 |    0 |     3 |      0 |      0 |          0 |
|             u_prio23                                                                       |                                                                          custom_rv_plic_prim_subreg_78 |          7 |          7 |       0 |    0 |     3 |      0 |      0 |          0 |
|             u_prio24                                                                       |                                                                          custom_rv_plic_prim_subreg_79 |          0 |          0 |       0 |    0 |     3 |      0 |      0 |          0 |
|             u_prio25                                                                       |                                                                          custom_rv_plic_prim_subreg_80 |         21 |         21 |       0 |    0 |     3 |      0 |      0 |          0 |
|             u_prio26                                                                       |                                                                          custom_rv_plic_prim_subreg_81 |          0 |          0 |       0 |    0 |     3 |      0 |      0 |          0 |
|             u_prio27                                                                       |                                                                          custom_rv_plic_prim_subreg_82 |          4 |          4 |       0 |    0 |     3 |      0 |      0 |          0 |
|             u_prio28                                                                       |                                                                          custom_rv_plic_prim_subreg_83 |          0 |          0 |       0 |    0 |     3 |      0 |      0 |          0 |
|             u_prio29                                                                       |                                                                          custom_rv_plic_prim_subreg_84 |          7 |          7 |       0 |    0 |     3 |      0 |      0 |          0 |
|             u_prio3                                                                        |                                                                          custom_rv_plic_prim_subreg_85 |          4 |          4 |       0 |    0 |     3 |      0 |      0 |          0 |
|             u_prio30                                                                       |                                                                          custom_rv_plic_prim_subreg_86 |          0 |          0 |       0 |    0 |     3 |      0 |      0 |          0 |
|             u_prio31                                                                       |                                                                          custom_rv_plic_prim_subreg_87 |          5 |          5 |       0 |    0 |     3 |      0 |      0 |          0 |
|             u_prio4                                                                        |                                                                          custom_rv_plic_prim_subreg_88 |          1 |          1 |       0 |    0 |     3 |      0 |      0 |          0 |
|             u_prio5                                                                        |                                                                          custom_rv_plic_prim_subreg_89 |          4 |          4 |       0 |    0 |     3 |      0 |      0 |          0 |
|             u_prio6                                                                        |                                                                          custom_rv_plic_prim_subreg_90 |          0 |          0 |       0 |    0 |     3 |      0 |      0 |          0 |
|             u_prio7                                                                        |                                                                          custom_rv_plic_prim_subreg_91 |          9 |          9 |       0 |    0 |     3 |      0 |      0 |          0 |
|             u_prio8                                                                        |                                                                          custom_rv_plic_prim_subreg_92 |          0 |          0 |       0 |    0 |     3 |      0 |      0 |          0 |
|             u_prio9                                                                        |                                                                          custom_rv_plic_prim_subreg_93 |          6 |          6 |       0 |    0 |     3 |      0 |      0 |          0 |
|             u_threshold0                                                                   |                                                                          custom_rv_plic_prim_subreg_94 |          0 |          0 |       0 |    0 |     3 |      0 |      0 |          0 |
|   rv_socket_u                                                                              |                                                                                              rv_socket |       6359 |       6359 |       0 |    0 |  3596 |      0 |      0 |          5 |
|     (rv_socket_u)                                                                          |                                                                                              rv_socket |          1 |          1 |       0 |    0 |     0 |      0 |      0 |          0 |
|     core_cv32e40p.cv32e40p_core                                                            |                                                                                        custom_cv32e40p |       4477 |       4477 |       0 |    0 |  2136 |      0 |      0 |          5 |
|       (core_cv32e40p.cv32e40p_core)                                                        |                                                                                        custom_cv32e40p |          0 |          0 |       0 |    0 |     0 |      0 |      0 |          0 |
|       inst                                                                                 |                                                                     custom_cv32e40p_custom_top_wrapper |       4477 |       4477 |       0 |    0 |  2136 |      0 |      0 |          5 |
|         nolabel_line86                                                                     |                                                                           custom_cv32e40p_cv32e40p_top |       4477 |       4477 |       0 |    0 |  2136 |      0 |      0 |          5 |
|           core_i                                                                           |                                                                          custom_cv32e40p_cv32e40p_core |       4477 |       4477 |       0 |    0 |  2136 |      0 |      0 |          5 |
|             cs_registers_i                                                                 |                                                                  custom_cv32e40p_cv32e40p_cs_registers |        108 |        108 |       0 |    0 |   461 |      0 |      0 |          0 |
|             ex_stage_i                                                                     |                                                                      custom_cv32e40p_cv32e40p_ex_stage |        350 |        350 |       0 |    0 |   118 |      0 |      0 |          5 |
|               (ex_stage_i)                                                                 |                                                                      custom_cv32e40p_cv32e40p_ex_stage |         37 |         37 |       0 |    0 |     6 |      0 |      0 |          0 |
|               alu_i                                                                        |                                                                           custom_cv32e40p_cv32e40p_alu |        157 |        157 |       0 |    0 |   108 |      0 |      0 |          0 |
|                 alu_div_i                                                                  |                                                                       custom_cv32e40p_cv32e40p_alu_div |        121 |        121 |       0 |    0 |   108 |      0 |      0 |          0 |
|                 popcnt_i                                                                   |                                                                        custom_cv32e40p_cv32e40p_popcnt |         36 |         36 |       0 |    0 |     0 |      0 |      0 |          0 |
|               mult_i                                                                       |                                                                          custom_cv32e40p_cv32e40p_mult |        156 |        156 |       0 |    0 |     4 |      0 |      0 |          5 |
|             id_stage_i                                                                     |                                                                      custom_cv32e40p_cv32e40p_id_stage |       3260 |       3260 |       0 |    0 |  1262 |      0 |      0 |          0 |
|               (id_stage_i)                                                                 |                                                                      custom_cv32e40p_cv32e40p_id_stage |        559 |        559 |       0 |    0 |   238 |      0 |      0 |          0 |
|               controller_i                                                                 |                                                                    custom_cv32e40p_cv32e40p_controller |        411 |        411 |       0 |    0 |    13 |      0 |      0 |          0 |
|               int_controller_i                                                             |                                                                custom_cv32e40p_cv32e40p_int_controller |        569 |        569 |       0 |    0 |    19 |      0 |      0 |          0 |
|               register_file_i                                                              |                                                                 custom_cv32e40p_cv32e40p_register_file |       1721 |       1721 |       0 |    0 |   992 |      0 |      0 |          0 |
|             if_stage_i                                                                     |                                                                      custom_cv32e40p_cv32e40p_if_stage |        653 |        653 |       0 |    0 |   252 |      0 |      0 |          0 |
|               (if_stage_i)                                                                 |                                                                      custom_cv32e40p_cv32e40p_if_stage |        379 |        379 |       0 |    0 |    69 |      0 |      0 |          0 |
|               aligner_i                                                                    |                                                                       custom_cv32e40p_cv32e40p_aligner |         28 |         28 |       0 |    0 |    49 |      0 |      0 |          0 |
|               prefetch_buffer_i                                                            |                                                               custom_cv32e40p_cv32e40p_prefetch_buffer |        246 |        246 |       0 |    0 |   134 |      0 |      0 |          0 |
|                 fifo_i                                                                     |                                                                          custom_cv32e40p_cv32e40p_fifo |        181 |        181 |       0 |    0 |    68 |      0 |      0 |          0 |
|                 instruction_obi_i                                                          |                                                                 custom_cv32e40p_cv32e40p_obi_interface |         32 |         32 |       0 |    0 |    31 |      0 |      0 |          0 |
|                 prefetch_controller_i                                                      |                                                           custom_cv32e40p_cv32e40p_prefetch_controller |         33 |         33 |       0 |    0 |    35 |      0 |      0 |          0 |
|             load_store_unit_i                                                              |                                                               custom_cv32e40p_cv32e40p_load_store_unit |        131 |        131 |       0 |    0 |    40 |      0 |      0 |          0 |
|             sleep_unit_i                                                                   |                                                                    custom_cv32e40p_cv32e40p_sleep_unit |          5 |          5 |       0 |    0 |     3 |      0 |      0 |          0 |
|               (sleep_unit_i)                                                               |                                                                    custom_cv32e40p_cv32e40p_sleep_unit |          4 |          4 |       0 |    0 |     2 |      0 |      0 |          0 |
|               core_clock_gate_i                                                            |                                                                    custom_cv32e40p_cv32e40p_clock_gate |          1 |          1 |       0 |    0 |     1 |      0 |      0 |          0 |
|     dm_rv32_gen.riscv_dbg_u                                                                |                                                                                 custom_rv32_dbg_bscane |       1859 |       1859 |       0 |    0 |  1450 |      0 |      0 |          0 |
|       (dm_rv32_gen.riscv_dbg_u)                                                            |                                                                                 custom_rv32_dbg_bscane |          0 |          0 |       0 |    0 |     0 |      0 |      0 |          0 |
|       inst                                                                                 |                                                              custom_rv32_dbg_bscane_custom_top_wrapper |       1859 |       1859 |       0 |    0 |  1450 |      0 |      0 |          0 |
|         (inst)                                                                             |                                                              custom_rv32_dbg_bscane_custom_top_wrapper |          0 |          0 |       0 |    0 |     1 |      0 |      0 |          0 |
|         axi_from_mem_u                                                                     |                                                                    custom_rv32_dbg_bscane_axi_from_mem |         14 |         14 |       0 |    0 |    13 |      0 |      0 |          0 |
|           i_axi_lite_from_mem                                                              |                                                               custom_rv32_dbg_bscane_axi_lite_from_mem |         14 |         14 |       0 |    0 |    13 |      0 |      0 |          0 |
|             (i_axi_lite_from_mem)                                                          |                                                               custom_rv32_dbg_bscane_axi_lite_from_mem |          0 |          0 |       0 |    0 |     2 |      0 |      0 |          0 |
|             i_fifo_rsp_mux                                                                 |                                                         custom_rv32_dbg_bscane_fifo_v3__parameterized5 |         14 |         14 |       0 |    0 |    11 |      0 |      0 |          0 |
|         axi_to_mem_u                                                                       |                                                                      custom_rv32_dbg_bscane_axi_to_mem |        654 |        654 |       0 |    0 |   381 |      0 |      0 |          0 |
|           (axi_to_mem_u)                                                                   |                                                                      custom_rv32_dbg_bscane_axi_to_mem |          2 |          2 |       0 |    0 |     0 |      0 |      0 |          0 |
|           i_axi_to_detailed_mem                                                            |                                                             custom_rv32_dbg_bscane_axi_to_detailed_mem |        652 |        652 |       0 |    0 |   381 |      0 |      0 |          0 |
|             (i_axi_to_detailed_mem)                                                        |                                                             custom_rv32_dbg_bscane_axi_to_detailed_mem |        139 |        139 |       0 |    0 |    72 |      0 |      0 |          0 |
|             i_fork                                                                         |                                                                     custom_rv32_dbg_bscane_stream_fork |          3 |          3 |       0 |    0 |     4 |      0 |      0 |          0 |
|             i_fork_dynamic                                                                 |                                                             custom_rv32_dbg_bscane_stream_fork_dynamic |         27 |         27 |       0 |    0 |     3 |      0 |      0 |          0 |
|               i_fork                                                                       |                                                     custom_rv32_dbg_bscane_stream_fork__parameterized0 |         27 |         27 |       0 |    0 |     3 |      0 |      0 |          0 |
|             i_mem_to_banks                                                                 |                                                           custom_rv32_dbg_bscane_mem_to_banks_detailed |        235 |        235 |       0 |    0 |    78 |      0 |      0 |          0 |
|               gen_reqs[0].i_ft_reg                                                         |                                                     custom_rv32_dbg_bscane_stream_fifo__parameterized2 |        235 |        235 |       0 |    0 |    46 |      0 |      0 |          0 |
|                 fifo_i                                                                     |                                                         custom_rv32_dbg_bscane_fifo_v3__parameterized3 |        235 |        235 |       0 |    0 |    46 |      0 |      0 |          0 |
|               gen_resp_regs[0].i_ft_reg                                                    |                                                     custom_rv32_dbg_bscane_stream_fifo__parameterized3 |          0 |          0 |       0 |    0 |    32 |      0 |      0 |          0 |
|                 fifo_i                                                                     |                                                         custom_rv32_dbg_bscane_fifo_v3__parameterized4 |          0 |          0 |       0 |    0 |    32 |      0 |      0 |          0 |
|             i_meta_buf                                                                     |                                                     custom_rv32_dbg_bscane_stream_fifo__parameterized0 |         62 |         62 |       0 |    0 |    65 |      0 |      0 |          0 |
|               fifo_i                                                                       |                                                         custom_rv32_dbg_bscane_fifo_v3__parameterized1 |         62 |         62 |       0 |    0 |    65 |      0 |      0 |          0 |
|             i_sel_buf                                                                      |                                                                     custom_rv32_dbg_bscane_stream_fifo |        101 |        101 |       0 |    0 |    20 |      0 |      0 |          0 |
|               fifo_i                                                                       |                                                         custom_rv32_dbg_bscane_fifo_v3__parameterized0 |        101 |        101 |       0 |    0 |    20 |      0 |      0 |          0 |
|             i_stream_to_mem                                                                |                                                                   custom_rv32_dbg_bscane_stream_to_mem |         85 |         85 |       0 |    0 |   139 |      0 |      0 |          0 |
|               (i_stream_to_mem)                                                            |                                                                   custom_rv32_dbg_bscane_stream_to_mem |         10 |         10 |       0 |    0 |     4 |      0 |      0 |          0 |
|               gen_buf.i_resp_buf                                                           |                                                     custom_rv32_dbg_bscane_stream_fifo__parameterized1 |         75 |         75 |       0 |    0 |   135 |      0 |      0 |          0 |
|                 fifo_i                                                                     |                                                         custom_rv32_dbg_bscane_fifo_v3__parameterized2 |         75 |         75 |       0 |    0 |   135 |      0 |      0 |          0 |
|         dm_top_u                                                                           |                                                                          custom_rv32_dbg_bscane_dm_top |        555 |        555 |       0 |    0 |   685 |      0 |      0 |          0 |
|           i_dm_csrs                                                                        |                                                                         custom_rv32_dbg_bscane_dm_csrs |        438 |        438 |       0 |    0 |   607 |      0 |      0 |          0 |
|             (i_dm_csrs)                                                                    |                                                                         custom_rv32_dbg_bscane_dm_csrs |        250 |        250 |       0 |    0 |   537 |      0 |      0 |          0 |
|             i_fifo                                                                         |                                                                         custom_rv32_dbg_bscane_fifo_v2 |        188 |        188 |       0 |    0 |    70 |      0 |      0 |          0 |
|               i_fifo_v3                                                                    |                                                                         custom_rv32_dbg_bscane_fifo_v3 |        188 |        188 |       0 |    0 |    70 |      0 |      0 |          0 |
|           i_dm_mem                                                                         |                                                                          custom_rv32_dbg_bscane_dm_mem |         83 |         83 |       0 |    0 |    75 |      0 |      0 |          0 |
|             (i_dm_mem)                                                                     |                                                                          custom_rv32_dbg_bscane_dm_mem |          9 |          9 |       0 |    0 |    70 |      0 |      0 |          0 |
|             gen_rom_snd_scratch.i_debug_rom                                                |                                                                       custom_rv32_dbg_bscane_debug_rom |         74 |         74 |       0 |    0 |     5 |      0 |      0 |          0 |
|           i_dm_sba                                                                         |                                                                          custom_rv32_dbg_bscane_dm_sba |         34 |         34 |       0 |    0 |     3 |      0 |      0 |          0 |
|         dtm_u                                                                              |                                                                        custom_rv32_dbg_bscane_dmi_jtag |        636 |        636 |       0 |    0 |   370 |      0 |      0 |          0 |
|           (dtm_u)                                                                          |                                                                        custom_rv32_dbg_bscane_dmi_jtag |          2 |          2 |       0 |    0 |   117 |      0 |      0 |          0 |
|           i_dmi_cdc                                                                        |                                                                         custom_rv32_dbg_bscane_dmi_cdc |        555 |        555 |       0 |    0 |   253 |      0 |      0 |          0 |
|             (i_dmi_cdc)                                                                    |                                                                         custom_rv32_dbg_bscane_dmi_cdc |          0 |          0 |       0 |    0 |     1 |      0 |      0 |          0 |
|             i_cdc_req                                                                      |                                                            custom_rv32_dbg_bscane_cdc_2phase_clearable |        427 |        427 |       0 |    0 |   133 |      0 |      0 |          0 |
|               (i_cdc_req)                                                                  |                                                            custom_rv32_dbg_bscane_cdc_2phase_clearable |          0 |          0 |       0 |    0 |     4 |      0 |      0 |          0 |
|               i_cdc_reset_ctrlr                                                            |                                                               custom_rv32_dbg_bscane_cdc_reset_ctrlr_7 |         54 |         54 |       0 |    0 |    38 |      0 |      0 |          0 |
|                 i_cdc_reset_ctrlr_half_a                                                   |                                                         custom_rv32_dbg_bscane_cdc_reset_ctrlr_half_10 |         27 |         27 |       0 |    0 |    19 |      0 |      0 |          0 |
|                   (i_cdc_reset_ctrlr_half_a)                                               |                                                         custom_rv32_dbg_bscane_cdc_reset_ctrlr_half_10 |          5 |          5 |       0 |    0 |     6 |      0 |      0 |          0 |
|                   i_state_transition_cdc_dst                                               |                                                               custom_rv32_dbg_bscane_cdc_4phase_dst_16 |          8 |          8 |       0 |    0 |     5 |      0 |      0 |          0 |
|                     (i_state_transition_cdc_dst)                                           |                                                               custom_rv32_dbg_bscane_cdc_4phase_dst_16 |          8 |          8 |       0 |    0 |     3 |      0 |      0 |          0 |
|                     i_sync                                                                 |                                                         custom_rv32_dbg_bscane_sync__parameterized0_19 |          0 |          0 |       0 |    0 |     2 |      0 |      0 |          0 |
|                   i_state_transition_cdc_src                                               |                                                               custom_rv32_dbg_bscane_cdc_4phase_src_17 |         14 |         14 |       0 |    0 |     8 |      0 |      0 |          0 |
|                     (i_state_transition_cdc_src)                                           |                                                               custom_rv32_dbg_bscane_cdc_4phase_src_17 |         14 |         14 |       0 |    0 |     6 |      0 |      0 |          0 |
|                     i_sync                                                                 |                                                         custom_rv32_dbg_bscane_sync__parameterized0_18 |          0 |          0 |       0 |    0 |     2 |      0 |      0 |          0 |
|                 i_cdc_reset_ctrlr_half_b                                                   |                                                         custom_rv32_dbg_bscane_cdc_reset_ctrlr_half_11 |         27 |         27 |       0 |    0 |    19 |      0 |      0 |          0 |
|                   (i_cdc_reset_ctrlr_half_b)                                               |                                                         custom_rv32_dbg_bscane_cdc_reset_ctrlr_half_11 |          4 |          4 |       0 |    0 |     6 |      0 |      0 |          0 |
|                   i_state_transition_cdc_dst                                               |                                                               custom_rv32_dbg_bscane_cdc_4phase_dst_12 |          9 |          9 |       0 |    0 |     5 |      0 |      0 |          0 |
|                     (i_state_transition_cdc_dst)                                           |                                                               custom_rv32_dbg_bscane_cdc_4phase_dst_12 |          9 |          9 |       0 |    0 |     3 |      0 |      0 |          0 |
|                     i_sync                                                                 |                                                         custom_rv32_dbg_bscane_sync__parameterized0_15 |          0 |          0 |       0 |    0 |     2 |      0 |      0 |          0 |
|                   i_state_transition_cdc_src                                               |                                                               custom_rv32_dbg_bscane_cdc_4phase_src_13 |         14 |         14 |       0 |    0 |     8 |      0 |      0 |          0 |
|                     (i_state_transition_cdc_src)                                           |                                                               custom_rv32_dbg_bscane_cdc_4phase_src_13 |         14 |         14 |       0 |    0 |     6 |      0 |      0 |          0 |
|                     i_sync                                                                 |                                                         custom_rv32_dbg_bscane_sync__parameterized0_14 |          0 |          0 |       0 |    0 |     2 |      0 |      0 |          0 |
|               i_dst                                                                        |                                                        custom_rv32_dbg_bscane_cdc_2phase_dst_clearable |        329 |        329 |       0 |    0 |    46 |      0 |      0 |          0 |
|                 (i_dst)                                                                    |                                                        custom_rv32_dbg_bscane_cdc_2phase_dst_clearable |        329 |        329 |       0 |    0 |    43 |      0 |      0 |          0 |
|                 i_sync                                                                     |                                                                          custom_rv32_dbg_bscane_sync_9 |          0 |          0 |       0 |    0 |     3 |      0 |      0 |          0 |
|               i_src                                                                        |                                                        custom_rv32_dbg_bscane_cdc_2phase_src_clearable |         44 |         44 |       0 |    0 |    45 |      0 |      0 |          0 |
|                 (i_src)                                                                    |                                                        custom_rv32_dbg_bscane_cdc_2phase_src_clearable |         44 |         44 |       0 |    0 |    42 |      0 |      0 |          0 |
|                 i_sync                                                                     |                                                                          custom_rv32_dbg_bscane_sync_8 |          0 |          0 |       0 |    0 |     3 |      0 |      0 |          0 |
|             i_cdc_resp                                                                     |                                            custom_rv32_dbg_bscane_cdc_2phase_clearable__parameterized0 |        128 |        128 |       0 |    0 |   119 |      0 |      0 |          0 |
|               (i_cdc_resp)                                                                 |                                            custom_rv32_dbg_bscane_cdc_2phase_clearable__parameterized0 |          0 |          0 |       0 |    0 |     4 |      0 |      0 |          0 |
|               i_cdc_reset_ctrlr                                                            |                                                                 custom_rv32_dbg_bscane_cdc_reset_ctrlr |         53 |         53 |       0 |    0 |    38 |      0 |      0 |          0 |
|                 i_cdc_reset_ctrlr_half_a                                                   |                                                            custom_rv32_dbg_bscane_cdc_reset_ctrlr_half |         26 |         26 |       0 |    0 |    19 |      0 |      0 |          0 |
|                   (i_cdc_reset_ctrlr_half_a)                                               |                                                            custom_rv32_dbg_bscane_cdc_reset_ctrlr_half |          4 |          4 |       0 |    0 |     6 |      0 |      0 |          0 |
|                   i_state_transition_cdc_dst                                               |                                                                custom_rv32_dbg_bscane_cdc_4phase_dst_3 |          8 |          8 |       0 |    0 |     5 |      0 |      0 |          0 |
|                     (i_state_transition_cdc_dst)                                           |                                                                custom_rv32_dbg_bscane_cdc_4phase_dst_3 |          8 |          8 |       0 |    0 |     3 |      0 |      0 |          0 |
|                     i_sync                                                                 |                                                          custom_rv32_dbg_bscane_sync__parameterized0_6 |          0 |          0 |       0 |    0 |     2 |      0 |      0 |          0 |
|                   i_state_transition_cdc_src                                               |                                                                custom_rv32_dbg_bscane_cdc_4phase_src_4 |         14 |         14 |       0 |    0 |     8 |      0 |      0 |          0 |
|                     (i_state_transition_cdc_src)                                           |                                                                custom_rv32_dbg_bscane_cdc_4phase_src_4 |         14 |         14 |       0 |    0 |     6 |      0 |      0 |          0 |
|                     i_sync                                                                 |                                                          custom_rv32_dbg_bscane_sync__parameterized0_5 |          0 |          0 |       0 |    0 |     2 |      0 |      0 |          0 |
|                 i_cdc_reset_ctrlr_half_b                                                   |                                                          custom_rv32_dbg_bscane_cdc_reset_ctrlr_half_1 |         27 |         27 |       0 |    0 |    19 |      0 |      0 |          0 |
|                   (i_cdc_reset_ctrlr_half_b)                                               |                                                          custom_rv32_dbg_bscane_cdc_reset_ctrlr_half_1 |          5 |          5 |       0 |    0 |     6 |      0 |      0 |          0 |
|                   i_state_transition_cdc_dst                                               |                                                                  custom_rv32_dbg_bscane_cdc_4phase_dst |          8 |          8 |       0 |    0 |     5 |      0 |      0 |          0 |
|                     (i_state_transition_cdc_dst)                                           |                                                                  custom_rv32_dbg_bscane_cdc_4phase_dst |          8 |          8 |       0 |    0 |     3 |      0 |      0 |          0 |
|                     i_sync                                                                 |                                                          custom_rv32_dbg_bscane_sync__parameterized0_2 |          0 |          0 |       0 |    0 |     2 |      0 |      0 |          0 |
|                   i_state_transition_cdc_src                                               |                                                                  custom_rv32_dbg_bscane_cdc_4phase_src |         14 |         14 |       0 |    0 |     8 |      0 |      0 |          0 |
|                     (i_state_transition_cdc_src)                                           |                                                                  custom_rv32_dbg_bscane_cdc_4phase_src |         14 |         14 |       0 |    0 |     6 |      0 |      0 |          0 |
|                     i_sync                                                                 |                                                            custom_rv32_dbg_bscane_sync__parameterized0 |          0 |          0 |       0 |    0 |     2 |      0 |      0 |          0 |
|               i_dst                                                                        |                                        custom_rv32_dbg_bscane_cdc_2phase_dst_clearable__parameterized0 |         72 |         72 |       0 |    0 |    39 |      0 |      0 |          0 |
|                 (i_dst)                                                                    |                                        custom_rv32_dbg_bscane_cdc_2phase_dst_clearable__parameterized0 |         72 |         72 |       0 |    0 |    36 |      0 |      0 |          0 |
|                 i_sync                                                                     |                                                                          custom_rv32_dbg_bscane_sync_0 |          0 |          0 |       0 |    0 |     3 |      0 |      0 |          0 |
|               i_src                                                                        |                                        custom_rv32_dbg_bscane_cdc_2phase_src_clearable__parameterized0 |          3 |          3 |       0 |    0 |    38 |      0 |      0 |          0 |
|                 (i_src)                                                                    |                                        custom_rv32_dbg_bscane_cdc_2phase_src_clearable__parameterized0 |          3 |          3 |       0 |    0 |    35 |      0 |      0 |          0 |
|                 i_sync                                                                     |                                                                            custom_rv32_dbg_bscane_sync |          0 |          0 |       0 |    0 |     3 |      0 |      0 |          0 |
|           i_dmi_jtag_tap                                                                   |                                                                    custom_rv32_dbg_bscane_dmi_jtag_tap |         79 |         79 |       0 |    0 |     0 |      0 |      0 |          0 |
|     mem_convert.axi_from_mem_data_u                                                        |                                                                                    custom_axi_from_mem |         11 |         11 |       0 |    0 |     5 |      0 |      0 |          0 |
|       (mem_convert.axi_from_mem_data_u)                                                    |                                                                                    custom_axi_from_mem |          0 |          0 |       0 |    0 |     0 |      0 |      0 |          0 |
|       inst                                                                                 |                                                                 custom_axi_from_mem_custom_top_wrapper |         11 |         11 |       0 |    0 |     5 |      0 |      0 |          0 |
|         axi_from_mem_u                                                                     |                                                                       custom_axi_from_mem_axi_from_mem |         11 |         11 |       0 |    0 |     5 |      0 |      0 |          0 |
|           i_axi_lite_from_mem                                                              |                                                                  custom_axi_from_mem_axi_lite_from_mem |         11 |         11 |       0 |    0 |     5 |      0 |      0 |          0 |
|             (i_axi_lite_from_mem)                                                          |                                                                  custom_axi_from_mem_axi_lite_from_mem |          0 |          0 |       0 |    0 |     2 |      0 |      0 |          0 |
|             i_fifo_rsp_mux                                                                 |                                                                            custom_axi_from_mem_fifo_v3 |         11 |         11 |       0 |    0 |     3 |      0 |      0 |          0 |
|     mem_convert.axi_from_mem_instr_u                                                       |                                                                               custom_axi_from_mem_HD49 |         11 |         11 |       0 |    0 |     5 |      0 |      0 |          0 |
|       (mem_convert.axi_from_mem_instr_u)                                                   |                                                                               custom_axi_from_mem_HD49 |          0 |          0 |       0 |    0 |     0 |      0 |      0 |          0 |
|       inst                                                                                 |                                                            custom_axi_from_mem_custom_top_wrapper_HD50 |         11 |         11 |       0 |    0 |     5 |      0 |      0 |          0 |
|         axi_from_mem_u                                                                     |                                                                  custom_axi_from_mem_axi_from_mem_HD51 |         11 |         11 |       0 |    0 |     5 |      0 |      0 |          0 |
|           i_axi_lite_from_mem                                                              |                                                             custom_axi_from_mem_axi_lite_from_mem_HD52 |         11 |         11 |       0 |    0 |     5 |      0 |      0 |          0 |
|             (i_axi_lite_from_mem)                                                          |                                                             custom_axi_from_mem_axi_lite_from_mem_HD52 |          0 |          0 |       0 |    0 |     2 |      0 |      0 |          0 |
|             i_fifo_rsp_mux                                                                 |                                                                       custom_axi_from_mem_fifo_v3_HD53 |         11 |         11 |       0 |    0 |     3 |      0 |      0 |          0 |
|   sys_master_u                                                                             |                                                                                             sys_master |        706 |        528 |     176 |    2 |  1745 |      2 |      1 |          0 |
|     (sys_master_u)                                                                         |                                                                                             sys_master |          1 |          1 |       0 |    0 |     0 |      0 |      0 |          0 |
|     clkwiz_u                                                                               |                                                                                           xlnx_clk_wiz |          1 |          1 |       0 |    0 |     0 |      0 |      0 |          0 |
|       inst                                                                                 |                                                                                   xlnx_clk_wiz_clk_wiz |          1 |          1 |       0 |    0 |     0 |      0 |      0 |          0 |
|     jtag_axi_u                                                                             |                                                                                          xlnx_jtag_axi |        699 |        521 |     176 |    2 |  1725 |      2 |      1 |          0 |
|       inst                                                                                 |                                                                xlnx_jtag_axi_jtag_axi_v1_2_20_jtag_axi |        699 |        521 |     176 |    2 |  1725 |      2 |      1 |          0 |
|         (inst)                                                                             |                                                                xlnx_jtag_axi_jtag_axi_v1_2_20_jtag_axi |          0 |          0 |       0 |    0 |     0 |      0 |      0 |          0 |
|         axi_bridge_u                                                                       |                                                              xlnx_jtag_axi_jtag_axi_v1_2_20_axi_bridge |         72 |         72 |       0 |    0 |   196 |      0 |      0 |          0 |
|           read_axi_full_u                                                                  |                                                                xlnx_jtag_axi_jtag_axi_v1_2_20_read_axi |         14 |         14 |       0 |    0 |   114 |      0 |      0 |          0 |
|           write_axi_full_u                                                                 |                                                               xlnx_jtag_axi_jtag_axi_v1_2_20_write_axi |         58 |         58 |       0 |    0 |    82 |      0 |      0 |          0 |
|         jtag_axi_engine_u                                                                  |                                                         xlnx_jtag_axi_jtag_axi_v1_2_20_jtag_axi_engine |        627 |        449 |     176 |    2 |  1529 |      2 |      1 |          0 |
|           (jtag_axi_engine_u)                                                              |                                                         xlnx_jtag_axi_jtag_axi_v1_2_20_jtag_axi_engine |         46 |         46 |       0 |    0 |   297 |      0 |      0 |          0 |
|           U_XSDB_SLAVE                                                                     |                                                                       xlnx_jtag_axi_xsdbs_v1_0_4_xsdbs |         76 |         76 |       0 |    0 |   161 |      0 |      0 |          0 |
|           cmd_decode_rd_channel                                                            |                                                              xlnx_jtag_axi_jtag_axi_v1_2_20_cmd_decode |          5 |          5 |       0 |    0 |     5 |      0 |      0 |          0 |
|           cmd_decode_wr_channel                                                            |                                                            xlnx_jtag_axi_jtag_axi_v1_2_20_cmd_decode_0 |          5 |          5 |       0 |    0 |     5 |      0 |      0 |          0 |
|           rd_cmd_fifo_i                                                                    |                                       xlnx_jtag_axi_fifo_generator_v13_2_11__parameterized1__xdcDup__1 |         35 |         35 |       0 |    0 |   128 |      1 |      0 |          0 |
|             inst_fifo_gen                                                                  |                                 xlnx_jtag_axi_fifo_generator_v13_2_11_synth__parameterized1__xdcDup__1 |         35 |         35 |       0 |    0 |   128 |      1 |      0 |          0 |
|               gconvfifo.rf                                                                 |                                            xlnx_jtag_axi_fifo_generator_top__parameterized1__xdcDup__1 |         35 |         35 |       0 |    0 |   128 |      1 |      0 |          0 |
|                 grf.rf                                                                     |                                        xlnx_jtag_axi_fifo_generator_ramfifo__parameterized1__xdcDup__1 |         35 |         35 |       0 |    0 |   128 |      1 |      0 |          0 |
|                   gntv_or_sync_fifo.gcx.clkx                                               |                                                   xlnx_jtag_axi_clk_x_pntrs__parameterized0__xdcDup__1 |         11 |         11 |       0 |    0 |    32 |      0 |      0 |          0 |
|                     (gntv_or_sync_fifo.gcx.clkx)                                           |                                                   xlnx_jtag_axi_clk_x_pntrs__parameterized0__xdcDup__1 |          1 |          1 |       0 |    0 |     0 |      0 |      0 |          0 |
|                     rd_pntr_cdc_inst                                                       |                                                             xlnx_jtag_axi_xpm_cdc_gray__parameterized2 |          5 |          5 |       0 |    0 |    16 |      0 |      0 |          0 |
|                     wr_pntr_cdc_inst                                                       |                                                          xlnx_jtag_axi_xpm_cdc_gray__parameterized2__6 |          5 |          5 |       0 |    0 |    16 |      0 |      0 |          0 |
|                   gntv_or_sync_fifo.gl0.rd                                                 |                                                              xlnx_jtag_axi_rd_logic__parameterized0_10 |         16 |         16 |       0 |    0 |    18 |      0 |      0 |          0 |
|                     gr1.gr1_int.rfwft                                                      |                                                                               xlnx_jtag_axi_rd_fwft_21 |         11 |         11 |       0 |    0 |     8 |      0 |      0 |          0 |
|                     gras.rsts                                                              |                                                    xlnx_jtag_axi_rd_status_flags_as__parameterized0_22 |          0 |          0 |       0 |    0 |     2 |      0 |      0 |          0 |
|                     rpntr                                                                  |                                                           xlnx_jtag_axi_rd_bin_cntr__parameterized0_23 |          5 |          5 |       0 |    0 |     8 |      0 |      0 |          0 |
|                   gntv_or_sync_fifo.gl0.wr                                                 |                                                              xlnx_jtag_axi_wr_logic__parameterized0_11 |          7 |          7 |       0 |    0 |    14 |      0 |      0 |          0 |
|                     gwas.wsts                                                              |                                                    xlnx_jtag_axi_wr_status_flags_as__parameterized0_19 |          1 |          1 |       0 |    0 |     2 |      0 |      0 |          0 |
|                     wpntr                                                                  |                                                           xlnx_jtag_axi_wr_bin_cntr__parameterized0_20 |          6 |          6 |       0 |    0 |    12 |      0 |      0 |          0 |
|                   gntv_or_sync_fifo.mem                                                    |                                                                xlnx_jtag_axi_memory__parameterized1_12 |          1 |          1 |       0 |    0 |    64 |      1 |      0 |          0 |
|                     (gntv_or_sync_fifo.mem)                                                |                                                                xlnx_jtag_axi_memory__parameterized1_12 |          1 |          1 |       0 |    0 |    64 |      0 |      0 |          0 |
|                     gbm.gbmg.gbmga.ngecc.bmg                                               |                                                    xlnx_jtag_axi_blk_mem_gen_v8_4_9__parameterized1_13 |          0 |          0 |       0 |    0 |     0 |      1 |      0 |          0 |
|                       inst_blk_mem_gen                                                     |                                              xlnx_jtag_axi_blk_mem_gen_v8_4_9_synth__parameterized0_14 |          0 |          0 |       0 |    0 |     0 |      1 |      0 |          0 |
|                         gnbram.gnativebmg.native_blk_mem_gen                               |                                                       xlnx_jtag_axi_blk_mem_gen_top__parameterized0_15 |          0 |          0 |       0 |    0 |     0 |      1 |      0 |          0 |
|                           valid.cstr                                                       |                                              xlnx_jtag_axi_blk_mem_gen_generic_cstr__parameterized0_16 |          0 |          0 |       0 |    0 |     0 |      1 |      0 |          0 |
|                             ramloop[0].ram.r                                               |                                                xlnx_jtag_axi_blk_mem_gen_prim_width__parameterized0_17 |          0 |          0 |       0 |    0 |     0 |      1 |      0 |          0 |
|                               prim_noinit.ram                                              |                                              xlnx_jtag_axi_blk_mem_gen_prim_wrapper__parameterized0_18 |          0 |          0 |       0 |    0 |     0 |      1 |      0 |          0 |
|           rx_fifo_i                                                                        |                                                  xlnx_jtag_axi_fifo_generator_v13_2_11__parameterized0 |         61 |         61 |       0 |    0 |   148 |      0 |      1 |          0 |
|             inst_fifo_gen                                                                  |                                            xlnx_jtag_axi_fifo_generator_v13_2_11_synth__parameterized0 |         61 |         61 |       0 |    0 |   148 |      0 |      1 |          0 |
|               gconvfifo.rf                                                                 |                                                       xlnx_jtag_axi_fifo_generator_top__parameterized0 |         61 |         61 |       0 |    0 |   148 |      0 |      1 |          0 |
|                 grf.rf                                                                     |                                                   xlnx_jtag_axi_fifo_generator_ramfifo__parameterized0 |         61 |         61 |       0 |    0 |   148 |      0 |      1 |          0 |
|                   gntv_or_sync_fifo.gcx.clkx                                               |                                                                   xlnx_jtag_axi_clk_x_pntrs__xdcDup__1 |         31 |         31 |       0 |    0 |    64 |      0 |      0 |          0 |
|                     (gntv_or_sync_fifo.gcx.clkx)                                           |                                                                   xlnx_jtag_axi_clk_x_pntrs__xdcDup__1 |          9 |          9 |       0 |    0 |     0 |      0 |      0 |          0 |
|                     rd_pntr_cdc_inst                                                       |                                                                             xlnx_jtag_axi_xpm_cdc_gray |         11 |         11 |       0 |    0 |    32 |      0 |      0 |          0 |
|                     wr_pntr_cdc_inst                                                       |                                                                          xlnx_jtag_axi_xpm_cdc_gray__6 |         11 |         11 |       0 |    0 |    32 |      0 |      0 |          0 |
|                   gntv_or_sync_fifo.gl0.rd                                                 |                                                                               xlnx_jtag_axi_rd_logic_3 |         24 |         24 |       0 |    0 |    26 |      0 |      0 |          0 |
|                     gr1.gr1_int.rfwft                                                      |                                                                                xlnx_jtag_axi_rd_fwft_7 |          9 |          9 |       0 |    0 |     8 |      0 |      0 |          0 |
|                     gras.rsts                                                              |                                                                     xlnx_jtag_axi_rd_status_flags_as_8 |          0 |          0 |       0 |    0 |     2 |      0 |      0 |          0 |
|                     rpntr                                                                  |                                                                            xlnx_jtag_axi_rd_bin_cntr_9 |         15 |         15 |       0 |    0 |    16 |      0 |      0 |          0 |
|                   gntv_or_sync_fifo.gl0.wr                                                 |                                                                               xlnx_jtag_axi_wr_logic_4 |          6 |          6 |       0 |    0 |    26 |      0 |      0 |          0 |
|                     gwas.wsts                                                              |                                                                     xlnx_jtag_axi_wr_status_flags_as_5 |          1 |          1 |       0 |    0 |     2 |      0 |      0 |          0 |
|                     wpntr                                                                  |                                                                            xlnx_jtag_axi_wr_bin_cntr_6 |          5 |          5 |       0 |    0 |    24 |      0 |      0 |          0 |
|                   gntv_or_sync_fifo.mem                                                    |                                                                   xlnx_jtag_axi_memory__parameterized0 |          0 |          0 |       0 |    0 |    32 |      0 |      1 |          0 |
|                     (gntv_or_sync_fifo.mem)                                                |                                                                   xlnx_jtag_axi_memory__parameterized0 |          0 |          0 |       0 |    0 |    32 |      0 |      0 |          0 |
|                     gbm.gbmg.gbmga.ngecc.bmg                                               |                                                                       xlnx_jtag_axi_blk_mem_gen_v8_4_9 |          0 |          0 |       0 |    0 |     0 |      0 |      1 |          0 |
|                       inst_blk_mem_gen                                                     |                                                                 xlnx_jtag_axi_blk_mem_gen_v8_4_9_synth |          0 |          0 |       0 |    0 |     0 |      0 |      1 |          0 |
|                         gnbram.gnativebmg.native_blk_mem_gen                               |                                                                          xlnx_jtag_axi_blk_mem_gen_top |          0 |          0 |       0 |    0 |     0 |      0 |      1 |          0 |
|                           valid.cstr                                                       |                                                                 xlnx_jtag_axi_blk_mem_gen_generic_cstr |          0 |          0 |       0 |    0 |     0 |      0 |      1 |          0 |
|                             ramloop[0].ram.r                                               |                                                                   xlnx_jtag_axi_blk_mem_gen_prim_width |          0 |          0 |       0 |    0 |     0 |      0 |      1 |          0 |
|                               prim_noinit.ram                                              |                                                                 xlnx_jtag_axi_blk_mem_gen_prim_wrapper |          0 |          0 |       0 |    0 |     0 |      0 |      1 |          0 |
|           tx_fifo_i                                                                        |                                                                  xlnx_jtag_axi_fifo_generator_v13_2_11 |        270 |         94 |     176 |    0 |   180 |      0 |      0 |          0 |
|             inst_fifo_gen                                                                  |                                                            xlnx_jtag_axi_fifo_generator_v13_2_11_synth |        270 |         94 |     176 |    0 |   180 |      0 |      0 |          0 |
|               gconvfifo.rf                                                                 |                                                                       xlnx_jtag_axi_fifo_generator_top |        270 |         94 |     176 |    0 |   180 |      0 |      0 |          0 |
|                 grf.rf                                                                     |                                                                   xlnx_jtag_axi_fifo_generator_ramfifo |        270 |         94 |     176 |    0 |   180 |      0 |      0 |          0 |
|                   gntv_or_sync_fifo.gcx.clkx                                               |                                                                              xlnx_jtag_axi_clk_x_pntrs |         32 |         32 |       0 |    0 |    64 |      0 |      0 |          0 |
|                     (gntv_or_sync_fifo.gcx.clkx)                                           |                                                                              xlnx_jtag_axi_clk_x_pntrs |         10 |         10 |       0 |    0 |     0 |      0 |      0 |          0 |
|                     rd_pntr_cdc_inst                                                       |                                                                          xlnx_jtag_axi_xpm_cdc_gray__5 |         11 |         11 |       0 |    0 |    32 |      0 |      0 |          0 |
|                     wr_pntr_cdc_inst                                                       |                                                                          xlnx_jtag_axi_xpm_cdc_gray__4 |         11 |         11 |       0 |    0 |    32 |      0 |      0 |          0 |
|                   gntv_or_sync_fifo.gl0.rd                                                 |                                                                                 xlnx_jtag_axi_rd_logic |         20 |         20 |       0 |    0 |    26 |      0 |      0 |          0 |
|                     gr1.gr1_int.rfwft                                                      |                                                                                xlnx_jtag_axi_rd_fwft_2 |          7 |          7 |       0 |    0 |     8 |      0 |      0 |          0 |
|                     gras.rsts                                                              |                                                                       xlnx_jtag_axi_rd_status_flags_as |          0 |          0 |       0 |    0 |     2 |      0 |      0 |          0 |
|                     rpntr                                                                  |                                                                              xlnx_jtag_axi_rd_bin_cntr |         13 |         13 |       0 |    0 |    16 |      0 |      0 |          0 |
|                   gntv_or_sync_fifo.gl0.wr                                                 |                                                                                 xlnx_jtag_axi_wr_logic |         10 |         10 |       0 |    0 |    26 |      0 |      0 |          0 |
|                     gwas.wsts                                                              |                                                                       xlnx_jtag_axi_wr_status_flags_as |          0 |          0 |       0 |    0 |     2 |      0 |      0 |          0 |
|                     wpntr                                                                  |                                                                              xlnx_jtag_axi_wr_bin_cntr |         10 |         10 |       0 |    0 |    24 |      0 |      0 |          0 |
|                   gntv_or_sync_fifo.mem                                                    |                                                                                   xlnx_jtag_axi_memory |        208 |         32 |     176 |    0 |    64 |      0 |      0 |          0 |
|                     (gntv_or_sync_fifo.mem)                                                |                                                                                   xlnx_jtag_axi_memory |          0 |          0 |       0 |    0 |    32 |      0 |      0 |          0 |
|                     gdm.dm_gen.dm                                                          |                                                                                     xlnx_jtag_axi_dmem |        208 |         32 |     176 |    0 |    32 |      0 |      0 |          0 |
|           u_xsdb_fifo_interface                                                            |                                                     xlnx_jtag_axi_jtag_axi_v1_2_20_xsdb_fifo_interface |         89 |         89 |       0 |    0 |   474 |      0 |      0 |          0 |
|             (u_xsdb_fifo_interface)                                                        |                                                     xlnx_jtag_axi_jtag_axi_v1_2_20_xsdb_fifo_interface |         44 |         44 |       0 |    0 |    51 |      0 |      0 |          0 |
|             rxfifo2xsdb_i                                                                  |                                                             xlnx_jtag_axi_jtag_axi_v1_2_20_rxfifo2xsdb |         27 |         27 |       0 |    0 |    86 |      0 |      0 |          0 |
|             xsdb2read_cmdfifo                                                              |                                             xlnx_jtag_axi_jtag_axi_v1_2_20_xsdb2txfifo__parameterized0 |          6 |          6 |       0 |    0 |   134 |      0 |      0 |          0 |
|             xsdb2txfifo_i                                                                  |                                                             xlnx_jtag_axi_jtag_axi_v1_2_20_xsdb2txfifo |          6 |          6 |       0 |    0 |    69 |      0 |      0 |          0 |
|             xsdb2write_cmdfifo                                                             |                                           xlnx_jtag_axi_jtag_axi_v1_2_20_xsdb2txfifo__parameterized0_1 |          6 |          6 |       0 |    0 |   134 |      0 |      0 |          0 |
|           wr_cmd_fifo_i                                                                    |                                                  xlnx_jtag_axi_fifo_generator_v13_2_11__parameterized1 |         40 |         38 |       0 |    2 |   131 |      1 |      0 |          0 |
|             inst_fifo_gen                                                                  |                                            xlnx_jtag_axi_fifo_generator_v13_2_11_synth__parameterized1 |         40 |         38 |       0 |    2 |   131 |      1 |      0 |          0 |
|               gconvfifo.rf                                                                 |                                                       xlnx_jtag_axi_fifo_generator_top__parameterized1 |         40 |         38 |       0 |    2 |   131 |      1 |      0 |          0 |
|                 grf.rf                                                                     |                                                   xlnx_jtag_axi_fifo_generator_ramfifo__parameterized1 |         40 |         38 |       0 |    2 |   131 |      1 |      0 |          0 |
|                   gntv_or_sync_fifo.gcx.clkx                                               |                                                              xlnx_jtag_axi_clk_x_pntrs__parameterized0 |         11 |         11 |       0 |    0 |    32 |      0 |      0 |          0 |
|                     (gntv_or_sync_fifo.gcx.clkx)                                           |                                                              xlnx_jtag_axi_clk_x_pntrs__parameterized0 |          1 |          1 |       0 |    0 |     0 |      0 |      0 |          0 |
|                     rd_pntr_cdc_inst                                                       |                                                          xlnx_jtag_axi_xpm_cdc_gray__parameterized2__5 |          5 |          5 |       0 |    0 |    16 |      0 |      0 |          0 |
|                     wr_pntr_cdc_inst                                                       |                                                          xlnx_jtag_axi_xpm_cdc_gray__parameterized2__4 |          5 |          5 |       0 |    0 |    16 |      0 |      0 |          0 |
|                   gntv_or_sync_fifo.gl0.rd                                                 |                                                                 xlnx_jtag_axi_rd_logic__parameterized0 |         18 |         18 |       0 |    0 |    18 |      0 |      0 |          0 |
|                     gr1.gr1_int.rfwft                                                      |                                                                                  xlnx_jtag_axi_rd_fwft |         13 |         13 |       0 |    0 |     8 |      0 |      0 |          0 |
|                     gras.rsts                                                              |                                                       xlnx_jtag_axi_rd_status_flags_as__parameterized0 |          0 |          0 |       0 |    0 |     2 |      0 |      0 |          0 |
|                     rpntr                                                                  |                                                              xlnx_jtag_axi_rd_bin_cntr__parameterized0 |          5 |          5 |       0 |    0 |     8 |      0 |      0 |          0 |
|                   gntv_or_sync_fifo.gl0.wr                                                 |                                                                 xlnx_jtag_axi_wr_logic__parameterized0 |          7 |          7 |       0 |    0 |    14 |      0 |      0 |          0 |
|                     gwas.wsts                                                              |                                                       xlnx_jtag_axi_wr_status_flags_as__parameterized0 |          1 |          1 |       0 |    0 |     2 |      0 |      0 |          0 |
|                     wpntr                                                                  |                                                              xlnx_jtag_axi_wr_bin_cntr__parameterized0 |          6 |          6 |       0 |    0 |    12 |      0 |      0 |          0 |
|                   gntv_or_sync_fifo.mem                                                    |                                                                   xlnx_jtag_axi_memory__parameterized1 |          4 |          2 |       0 |    2 |    67 |      1 |      0 |          0 |
|                     (gntv_or_sync_fifo.mem)                                                |                                                                   xlnx_jtag_axi_memory__parameterized1 |          0 |          0 |       0 |    0 |    57 |      0 |      0 |          0 |
|                     gbm.gbmg.gbmga.ngecc.bmg                                               |                                                       xlnx_jtag_axi_blk_mem_gen_v8_4_9__parameterized1 |          4 |          2 |       0 |    2 |    10 |      1 |      0 |          0 |
|                       inst_blk_mem_gen                                                     |                                                 xlnx_jtag_axi_blk_mem_gen_v8_4_9_synth__parameterized0 |          4 |          2 |       0 |    2 |    10 |      1 |      0 |          0 |
|                         gnbram.gnativebmg.native_blk_mem_gen                               |                                                          xlnx_jtag_axi_blk_mem_gen_top__parameterized0 |          4 |          2 |       0 |    2 |    10 |      1 |      0 |          0 |
|                           valid.cstr                                                       |                                                 xlnx_jtag_axi_blk_mem_gen_generic_cstr__parameterized0 |          4 |          2 |       0 |    2 |    10 |      1 |      0 |          0 |
|                             ramloop[0].ram.r                                               |                                                   xlnx_jtag_axi_blk_mem_gen_prim_width__parameterized0 |          4 |          2 |       0 |    2 |    10 |      1 |      0 |          0 |
|                               (ramloop[0].ram.r)                                           |                                                   xlnx_jtag_axi_blk_mem_gen_prim_width__parameterized0 |          4 |          2 |       0 |    2 |    10 |      0 |      0 |          0 |
|                               prim_noinit.ram                                              |                                                 xlnx_jtag_axi_blk_mem_gen_prim_wrapper__parameterized0 |          0 |          0 |       0 |    0 |     0 |      1 |      0 |          0 |
|     xpm_cdc_async_rst_100MHz_u                                                             |                                                                                   xpm_cdc_async_rst__4 |          1 |          1 |       0 |    0 |     4 |      0 |      0 |          0 |
|     xpm_cdc_async_rst_10MHz_u                                                              |                                                                                   xpm_cdc_async_rst__1 |          1 |          1 |       0 |    0 |     4 |      0 |      0 |          0 |
|     xpm_cdc_async_rst_20MHz_u                                                              |                                                                                   xpm_cdc_async_rst__2 |          1 |          1 |       0 |    0 |     4 |      0 |      0 |          0 |
|     xpm_cdc_async_rst_250MHz_u                                                             |                                                                                      xpm_cdc_async_rst |          1 |          1 |       0 |    0 |     4 |      0 |      0 |          0 |
|     xpm_cdc_async_rst_50MHz_u                                                              |                                                                                   xpm_cdc_async_rst__3 |          1 |          1 |       0 |    0 |     4 |      0 |      0 |          0 |
|   u_axi4_to_axilite_cdma                                                                   |                                                                 xlnx_axi4_to_axilite_d32_converter_HD2 |        403 |        350 |       0 |   53 |   496 |      0 |      0 |          0 |
|     (u_axi4_to_axilite_cdma)                                                               |                                                                 xlnx_axi4_to_axilite_d32_converter_HD2 |          0 |          0 |       0 |    0 |     0 |      0 |      0 |          0 |
|     inst                                                                                   |           xlnx_axi4_to_axilite_d32_converter_axi_protocol_converter_v2_1_33_axi_protocol_converter_HD3 |        403 |        350 |       0 |   53 |   496 |      0 |      0 |          0 |
|       (inst)                                                                               |           xlnx_axi4_to_axilite_d32_converter_axi_protocol_converter_v2_1_33_axi_protocol_converter_HD3 |          0 |          0 |       0 |    0 |     0 |      0 |      0 |          0 |
|       gen_axilite.gen_b2s_conv.axilite_b2s                                                 |                              xlnx_axi4_to_axilite_d32_converter_axi_protocol_converter_v2_1_33_b2s_HD4 |        403 |        350 |       0 |   53 |   496 |      0 |      0 |          0 |
|         (gen_axilite.gen_b2s_conv.axilite_b2s)                                             |                              xlnx_axi4_to_axilite_d32_converter_axi_protocol_converter_v2_1_33_b2s_HD4 |          1 |          1 |       0 |    0 |     1 |      0 |      0 |          0 |
|         RD.ar_channel_0                                                                    |                   xlnx_axi4_to_axilite_d32_converter_axi_protocol_converter_v2_1_33_b2s_ar_channel_HD5 |         66 |         66 |       0 |    0 |    75 |      0 |      0 |          0 |
|           (RD.ar_channel_0)                                                                |                   xlnx_axi4_to_axilite_d32_converter_axi_protocol_converter_v2_1_33_b2s_ar_channel_HD5 |          0 |          0 |       0 |    0 |     4 |      0 |      0 |          0 |
|           ar_cmd_fsm_0                                                                     |                   xlnx_axi4_to_axilite_d32_converter_axi_protocol_converter_v2_1_33_b2s_rd_cmd_fsm_HD6 |         23 |         23 |       0 |    0 |     2 |      0 |      0 |          0 |
|           cmd_translator_0                                                                 |             xlnx_axi4_to_axilite_d32_converter_axi_protocol_converter_v2_1_33_b2s_cmd_translator_1_HD7 |         43 |         43 |       0 |    0 |    69 |      0 |      0 |          0 |
|             (cmd_translator_0)                                                             |             xlnx_axi4_to_axilite_d32_converter_axi_protocol_converter_v2_1_33_b2s_cmd_translator_1_HD7 |          1 |          1 |       0 |    0 |     3 |      0 |      0 |          0 |
|             incr_cmd_0                                                                     |                   xlnx_axi4_to_axilite_d32_converter_axi_protocol_converter_v2_1_33_b2s_incr_cmd_2_HD8 |         27 |         27 |       0 |    0 |    23 |      0 |      0 |          0 |
|             wrap_cmd_0                                                                     |                   xlnx_axi4_to_axilite_d32_converter_axi_protocol_converter_v2_1_33_b2s_wrap_cmd_3_HD9 |         15 |         15 |       0 |    0 |    43 |      0 |      0 |          0 |
|         RD.r_channel_0                                                                     |                   xlnx_axi4_to_axilite_d32_converter_axi_protocol_converter_v2_1_33_b2s_r_channel_HD10 |         54 |         15 |       0 |   39 |    16 |      0 |      0 |          0 |
|           (RD.r_channel_0)                                                                 |                   xlnx_axi4_to_axilite_d32_converter_axi_protocol_converter_v2_1_33_b2s_r_channel_HD10 |          0 |          0 |       0 |    0 |     6 |      0 |      0 |          0 |
|           rd_data_fifo_0                                                                   | xlnx_axi4_to_axilite_d32_converter_axi_protocol_converter_v2_1_33_b2s_simple_fifo__parameterized1_HD11 |         42 |          8 |       0 |   34 |     5 |      0 |      0 |          0 |
|           transaction_fifo_0                                                               | xlnx_axi4_to_axilite_d32_converter_axi_protocol_converter_v2_1_33_b2s_simple_fifo__parameterized2_HD12 |         12 |          7 |       0 |    5 |     5 |      0 |      0 |          0 |
|         SI_REG                                                                             |                  xlnx_axi4_to_axilite_d32_converter_axi_register_slice_v2_1_33_axi_register_slice_HD13 |        181 |        181 |       0 |    0 |   304 |      0 |      0 |          0 |
|           ar.ar_pipe                                                                       |                 xlnx_axi4_to_axilite_d32_converter_axi_register_slice_v2_1_33_axic_register_slice_HD14 |         75 |         75 |       0 |    0 |   104 |      0 |      0 |          0 |
|           aw.aw_pipe                                                                       |               xlnx_axi4_to_axilite_d32_converter_axi_register_slice_v2_1_33_axic_register_slice_0_HD15 |         77 |         77 |       0 |    0 |   106 |      0 |      0 |          0 |
|           b.b_pipe                                                                         | xlnx_axi4_to_axilite_d32_converter_axi_register_slice_v2_1_33_axic_register_slice__parameterized1_HD16 |          6 |          6 |       0 |    0 |    14 |      0 |      0 |          0 |
|           r.r_pipe                                                                         | xlnx_axi4_to_axilite_d32_converter_axi_register_slice_v2_1_33_axic_register_slice__parameterized2_HD17 |         23 |         23 |       0 |    0 |    80 |      0 |      0 |          0 |
|         WR.aw_channel_0                                                                    |                  xlnx_axi4_to_axilite_d32_converter_axi_protocol_converter_v2_1_33_b2s_aw_channel_HD18 |         66 |         66 |       0 |    0 |    83 |      0 |      0 |          0 |
|           (WR.aw_channel_0)                                                                |                  xlnx_axi4_to_axilite_d32_converter_axi_protocol_converter_v2_1_33_b2s_aw_channel_HD18 |          0 |          0 |       0 |    0 |    12 |      0 |      0 |          0 |
|           aw_cmd_fsm_0                                                                     |                  xlnx_axi4_to_axilite_d32_converter_axi_protocol_converter_v2_1_33_b2s_wr_cmd_fsm_HD19 |         14 |         14 |       0 |    0 |     2 |      0 |      0 |          0 |
|           cmd_translator_0                                                                 |              xlnx_axi4_to_axilite_d32_converter_axi_protocol_converter_v2_1_33_b2s_cmd_translator_HD20 |         52 |         52 |       0 |    0 |    69 |      0 |      0 |          0 |
|             (cmd_translator_0)                                                             |              xlnx_axi4_to_axilite_d32_converter_axi_protocol_converter_v2_1_33_b2s_cmd_translator_HD20 |          0 |          0 |       0 |    0 |     3 |      0 |      0 |          0 |
|             incr_cmd_0                                                                     |                    xlnx_axi4_to_axilite_d32_converter_axi_protocol_converter_v2_1_33_b2s_incr_cmd_HD21 |         26 |         26 |       0 |    0 |    23 |      0 |      0 |          0 |
|             wrap_cmd_0                                                                     |                    xlnx_axi4_to_axilite_d32_converter_axi_protocol_converter_v2_1_33_b2s_wrap_cmd_HD22 |         26 |         26 |       0 |    0 |    43 |      0 |      0 |          0 |
|         WR.b_channel_0                                                                     |                   xlnx_axi4_to_axilite_d32_converter_axi_protocol_converter_v2_1_33_b2s_b_channel_HD23 |         38 |         24 |       0 |   14 |    17 |      0 |      0 |          0 |
|           (WR.b_channel_0)                                                                 |                   xlnx_axi4_to_axilite_d32_converter_axi_protocol_converter_v2_1_33_b2s_b_channel_HD23 |          8 |          8 |       0 |    0 |    13 |      0 |      0 |          0 |
|           bid_fifo_0                                                                       |                 xlnx_axi4_to_axilite_d32_converter_axi_protocol_converter_v2_1_33_b2s_simple_fifo_HD24 |         24 |         12 |       0 |   12 |     2 |      0 |      0 |          0 |
|           bresp_fifo_0                                                                     | xlnx_axi4_to_axilite_d32_converter_axi_protocol_converter_v2_1_33_b2s_simple_fifo__parameterized0_HD25 |          6 |          4 |       0 |    2 |     2 |      0 |      0 |          0 |
|   u_cdma                                                                                   |                                                                                          xlnx_axi_cdma |        888 |        875 |       0 |   13 |  1259 |      2 |      1 |          0 |
|     (u_cdma)                                                                               |                                                                                          xlnx_axi_cdma |          0 |          0 |       0 |    0 |     0 |      0 |      0 |          0 |
|     U0                                                                                     |                                                                                 xlnx_axi_cdma_axi_cdma |        888 |        875 |       0 |   13 |  1259 |      2 |      1 |          0 |
|       (U0)                                                                                 |                                                                                 xlnx_axi_cdma_axi_cdma |          0 |          0 |       0 |    0 |     0 |      0 |      0 |          0 |
|       GEN_SIMPLE_MODE.I_SIMPLE_MODE_WRAP                                                   |                                                                     xlnx_axi_cdma_axi_cdma_simple_wrap |        888 |        875 |       0 |   13 |  1259 |      2 |      1 |          0 |
|         GEN_DM_FULL.I_DATAMOVER_FULL                                                       |                                                                            xlnx_axi_cdma_axi_datamover |        669 |        664 |       0 |    5 |   932 |      0 |      0 |          0 |
|           (GEN_DM_FULL.I_DATAMOVER_FULL)                                                   |                                                                            xlnx_axi_cdma_axi_datamover |         14 |         14 |       0 |    0 |     0 |      0 |      0 |          0 |
|           GEN_MM2S_FULL.I_MM2S_FULL_WRAPPER                                                |                                                             xlnx_axi_cdma_axi_datamover_mm2s_full_wrap |        325 |        325 |       0 |    0 |   472 |      0 |      0 |          0 |
|             GEN_INCLUDE_MM2S_DRE.I_DRE_16_to_64                                            |                                                                   xlnx_axi_cdma_axi_datamover_mm2s_dre |         86 |         86 |       0 |    0 |   113 |      0 |      0 |          0 |
|             I_ADDR_CNTL                                                                    |                                                                  xlnx_axi_cdma_axi_datamover_addr_cntl |          3 |          3 |       0 |    0 |    47 |      0 |      0 |          0 |
|             I_CMD_STATUS                                                                   |                                                               xlnx_axi_cdma_axi_datamover_cmd_status_4 |         10 |         10 |       0 |    0 |    73 |      0 |      0 |          0 |
|               GEN_INCLUDE_STATUS_FIFO.I_STS_FIFO                                           |                                                     xlnx_axi_cdma_axi_datamover_fifo__parameterized0_7 |          6 |          6 |       0 |    0 |     6 |      0 |      0 |          0 |
|               I_CMD_FIFO                                                                   |                                                                     xlnx_axi_cdma_axi_datamover_fifo_8 |          4 |          4 |       0 |    0 |    67 |      0 |      0 |          0 |
|             I_MSTR_PCC                                                                     |                                                                        xlnx_axi_cdma_axi_datamover_pcc |        169 |        169 |       0 |    0 |   185 |      0 |      0 |          0 |
|               (I_MSTR_PCC)                                                                 |                                                                        xlnx_axi_cdma_axi_datamover_pcc |        168 |        168 |       0 |    0 |   185 |      0 |      0 |          0 |
|               I_STRT_STRB_GEN                                                              |                                                                xlnx_axi_cdma_axi_datamover_strb_gen2_6 |          1 |          1 |       0 |    0 |     0 |      0 |      0 |          0 |
|             I_RD_DATA_CNTL                                                                 |                                                                xlnx_axi_cdma_axi_datamover_rddata_cntl |         51 |         51 |       0 |    0 |    43 |      0 |      0 |          0 |
|             I_RD_STATUS_CNTLR                                                              |                                                             xlnx_axi_cdma_axi_datamover_rd_status_cntl |          3 |          3 |       0 |    0 |     5 |      0 |      0 |          0 |
|             I_RESET                                                                        |                                                                    xlnx_axi_cdma_axi_datamover_reset_5 |          3 |          3 |       0 |    0 |     6 |      0 |      0 |          0 |
|           GEN_S2MM_FULL.I_S2MM_FULL_WRAPPER                                                |                                                             xlnx_axi_cdma_axi_datamover_s2mm_full_wrap |        330 |        325 |       0 |    5 |   460 |      0 |      0 |          0 |
|             GEN_INCLUDE_PCC.I_MSTR_PCC                                                     |                                                        xlnx_axi_cdma_axi_datamover_pcc__parameterized0 |        204 |        204 |       0 |    0 |   182 |      0 |      0 |          0 |
|               (GEN_INCLUDE_PCC.I_MSTR_PCC)                                                 |                                                        xlnx_axi_cdma_axi_datamover_pcc__parameterized0 |        203 |        203 |       0 |    0 |   182 |      0 |      0 |          0 |
|               I_STRT_STRB_GEN                                                              |                                                                  xlnx_axi_cdma_axi_datamover_strb_gen2 |          1 |          1 |       0 |    0 |     0 |      0 |      0 |          0 |
|             I_ADDR_CNTL                                                                    |                                                  xlnx_axi_cdma_axi_datamover_addr_cntl__parameterized0 |          2 |          2 |       0 |    0 |    47 |      0 |      0 |          0 |
|             I_CMD_STATUS                                                                   |                                                                 xlnx_axi_cdma_axi_datamover_cmd_status |          8 |          8 |       0 |    0 |    71 |      0 |      0 |          0 |
|               GEN_INCLUDE_STATUS_FIFO.I_STS_FIFO                                           |                                                       xlnx_axi_cdma_axi_datamover_fifo__parameterized0 |          6 |          6 |       0 |    0 |     6 |      0 |      0 |          0 |
|               I_CMD_FIFO                                                                   |                                                                       xlnx_axi_cdma_axi_datamover_fifo |          2 |          2 |       0 |    0 |    65 |      0 |      0 |          0 |
|             I_RESET                                                                        |                                                                      xlnx_axi_cdma_axi_datamover_reset |          5 |          5 |       0 |    0 |     6 |      0 |      0 |          0 |
|             I_S2MM_MMAP_SKID_BUF                                                           |                                                                xlnx_axi_cdma_axi_datamover_skid2mm_buf |         35 |         35 |       0 |    0 |    79 |      0 |      0 |          0 |
|             I_WR_DATA_CNTL                                                                 |                                                                xlnx_axi_cdma_axi_datamover_wrdata_cntl |         45 |         45 |       0 |    0 |    45 |      0 |      0 |          0 |
|             I_WR_STATUS_CNTLR                                                              |                                                             xlnx_axi_cdma_axi_datamover_wr_status_cntl |         31 |         26 |       0 |    5 |    30 |      0 |      0 |          0 |
|               (I_WR_STATUS_CNTLR)                                                          |                                                             xlnx_axi_cdma_axi_datamover_wr_status_cntl |          9 |          9 |       0 |    0 |    16 |      0 |      0 |          0 |
|               GEN_OMIT_INDET_BTT.I_DATA_CNTL_STATUS_FIFO                                   |                                                       xlnx_axi_cdma_axi_datamover_fifo__parameterized2 |         11 |          8 |       0 |    3 |     6 |      0 |      0 |          0 |
|                 (GEN_OMIT_INDET_BTT.I_DATA_CNTL_STATUS_FIFO)                               |                                                       xlnx_axi_cdma_axi_datamover_fifo__parameterized2 |          1 |          1 |       0 |    0 |     2 |      0 |      0 |          0 |
|                 USE_SRL_FIFO.I_SYNC_FIFO                                                   |                                                               xlnx_axi_cdma_srl_fifo_f__parameterized0 |         10 |          7 |       0 |    3 |     4 |      0 |      0 |          0 |
|                   I_SRL_FIFO_RBU_F                                                         |                                                           xlnx_axi_cdma_srl_fifo_rbu_f__parameterized0 |         10 |          7 |       0 |    3 |     4 |      0 |      0 |          0 |
|                     (I_SRL_FIFO_RBU_F)                                                     |                                                           xlnx_axi_cdma_srl_fifo_rbu_f__parameterized0 |          0 |          0 |       0 |    0 |     1 |      0 |      0 |          0 |
|                     CNTR_INCR_DECR_ADDN_F_I                                                |                                                                  xlnx_axi_cdma_cntr_incr_decr_addn_f_3 |          2 |          2 |       0 |    0 |     3 |      0 |      0 |          0 |
|                     DYNSHREG_F_I                                                           |                                                               xlnx_axi_cdma_dynshreg_f__parameterized0 |          8 |          5 |       0 |    3 |     0 |      0 |      0 |          0 |
|               I_WRESP_STATUS_FIFO                                                          |                                                       xlnx_axi_cdma_axi_datamover_fifo__parameterized1 |         11 |          9 |       0 |    2 |     8 |      0 |      0 |          0 |
|                 (I_WRESP_STATUS_FIFO)                                                      |                                                       xlnx_axi_cdma_axi_datamover_fifo__parameterized1 |          2 |          2 |       0 |    0 |     4 |      0 |      0 |          0 |
|                 USE_SRL_FIFO.I_SYNC_FIFO                                                   |                                                                               xlnx_axi_cdma_srl_fifo_f |          9 |          7 |       0 |    2 |     4 |      0 |      0 |          0 |
|                   I_SRL_FIFO_RBU_F                                                         |                                                                           xlnx_axi_cdma_srl_fifo_rbu_f |          9 |          7 |       0 |    2 |     4 |      0 |      0 |          0 |
|                     (I_SRL_FIFO_RBU_F)                                                     |                                                                           xlnx_axi_cdma_srl_fifo_rbu_f |          1 |          1 |       0 |    0 |     1 |      0 |      0 |          0 |
|                     CNTR_INCR_DECR_ADDN_F_I                                                |                                                                  xlnx_axi_cdma_cntr_incr_decr_addn_f_2 |          4 |          4 |       0 |    0 |     3 |      0 |      0 |          0 |
|                     DYNSHREG_F_I                                                           |                                                                               xlnx_axi_cdma_dynshreg_f |          4 |          2 |       0 |    2 |     0 |      0 |      0 |          0 |
|         GEN_INCLUDE_SF.I_STORE_FORWARD                                                     |                                                                              xlnx_axi_cdma_axi_cdma_sf |         92 |         84 |       0 |    8 |    86 |      2 |      1 |          0 |
|           (GEN_INCLUDE_SF.I_STORE_FORWARD)                                                 |                                                                              xlnx_axi_cdma_axi_cdma_sf |          8 |          8 |       0 |    0 |    18 |      0 |      0 |          0 |
|           I_DATA_FIFO                                                                      |                                                                    xlnx_axi_cdma_axi_cdma_sfifo_autord |         53 |         53 |       0 |    0 |    64 |      2 |      1 |          0 |
|             I_SYNC_FIFOGEN_FIFO                                                            |                                                                             xlnx_axi_cdma_sync_fifo_fg |         53 |         53 |       0 |    0 |    64 |      2 |      1 |          0 |
|               (I_SYNC_FIFOGEN_FIFO)                                                        |                                                                             xlnx_axi_cdma_sync_fifo_fg |         12 |         12 |       0 |    0 |     0 |      0 |      0 |          0 |
|               xpm_fifo_instance.xpm_fifo_sync_inst                                         |                                                                            xlnx_axi_cdma_xpm_fifo_sync |         41 |         41 |       0 |    0 |    64 |      2 |      1 |          0 |
|                 (xpm_fifo_instance.xpm_fifo_sync_inst)                                     |                                                                            xlnx_axi_cdma_xpm_fifo_sync |          0 |          0 |       0 |    0 |     0 |      0 |      0 |          0 |
|                 xpm_fifo_base_inst                                                         |                                                                            xlnx_axi_cdma_xpm_fifo_base |         41 |         41 |       0 |    0 |    64 |      2 |      1 |          0 |
|                   (xpm_fifo_base_inst)                                                     |                                                                            xlnx_axi_cdma_xpm_fifo_base |          4 |          4 |       0 |    0 |    10 |      0 |      0 |          0 |
|                   gen_fwft.rdpp1_inst                                                      |                                                         xlnx_axi_cdma_xpm_counter_updn__parameterized1 |          5 |          5 |       0 |    0 |     2 |      0 |      0 |          0 |
|                   gen_sdpram.xpm_memory_base_inst                                          |                                                                          xlnx_axi_cdma_xpm_memory_base |          0 |          0 |       0 |    0 |     0 |      2 |      1 |          0 |
|                   rdp_inst                                                                 |                                                         xlnx_axi_cdma_xpm_counter_updn__parameterized2 |         21 |         21 |       0 |    0 |    12 |      0 |      0 |          0 |
|                   rdpp1_inst                                                               |                                                         xlnx_axi_cdma_xpm_counter_updn__parameterized3 |          1 |          1 |       0 |    0 |    11 |      0 |      0 |          0 |
|                   rst_d1_inst                                                              |                                                                         xlnx_axi_cdma_xpm_fifo_reg_bit |          3 |          3 |       0 |    0 |     1 |      0 |      0 |          0 |
|                   wrp_inst                                                                 |                                                       xlnx_axi_cdma_xpm_counter_updn__parameterized2_0 |         14 |         14 |       0 |    0 |    12 |      0 |      0 |          0 |
|                   wrpp1_inst                                                               |                                                       xlnx_axi_cdma_xpm_counter_updn__parameterized3_1 |          0 |          0 |       0 |    0 |    11 |      0 |      0 |          0 |
|                   xpm_fifo_rst_inst                                                        |                                                                             xlnx_axi_cdma_xpm_fifo_rst |          2 |          2 |       0 |    0 |     5 |      0 |      0 |          0 |
|           I_WR_LEN_FIFO                                                                    |                                                               xlnx_axi_cdma_srl_fifo_f__parameterized1 |         31 |         23 |       0 |    8 |     4 |      0 |      0 |          0 |
|             I_SRL_FIFO_RBU_F                                                               |                                                           xlnx_axi_cdma_srl_fifo_rbu_f__parameterized1 |         31 |         23 |       0 |    8 |     4 |      0 |      0 |          0 |
|               (I_SRL_FIFO_RBU_F)                                                           |                                                           xlnx_axi_cdma_srl_fifo_rbu_f__parameterized1 |          0 |          0 |       0 |    0 |     1 |      0 |      0 |          0 |
|               CNTR_INCR_DECR_ADDN_F_I                                                      |                                                                    xlnx_axi_cdma_cntr_incr_decr_addn_f |          5 |          5 |       0 |    0 |     3 |      0 |      0 |          0 |
|               DYNSHREG_F_I                                                                 |                                                               xlnx_axi_cdma_dynshreg_f__parameterized1 |         26 |         18 |       0 |    8 |     0 |      0 |      0 |          0 |
|         I_SIMPLE_DMA_CNTLR                                                                 |                                                                    xlnx_axi_cdma_axi_cdma_simple_cntlr |         13 |         13 |       0 |    0 |    18 |      0 |      0 |          0 |
|         I_SIMPLE_REG_MODULE                                                                |                                                                      xlnx_axi_cdma_axi_cdma_reg_module |         95 |         95 |       0 |    0 |   182 |      0 |      0 |          0 |
|           (I_SIMPLE_REG_MODULE)                                                            |                                                                      xlnx_axi_cdma_axi_cdma_reg_module |          4 |          4 |       0 |    0 |     0 |      0 |      0 |          0 |
|           I_AXI_LITE                                                                       |                                                                         xlnx_axi_cdma_axi_cdma_lite_if |         80 |         80 |       0 |    0 |    76 |      0 |      0 |          0 |
|           I_REGISTER_BLOCK                                                                 |                                                                        xlnx_axi_cdma_axi_cdma_register |         11 |         11 |       0 |    0 |   106 |      0 |      0 |          0 |
|         I_SIMPLE_RST_MODULE                                                                |                                                                           xlnx_axi_cdma_axi_cdma_reset |         19 |         19 |       0 |    0 |    41 |      0 |      0 |          0 |
|           (I_SIMPLE_RST_MODULE)                                                            |                                                                           xlnx_axi_cdma_axi_cdma_reset |          9 |          9 |       0 |    0 |    27 |      0 |      0 |          0 |
|           I_SOFT_RST_CLR_PULSE                                                             |                                                       xlnx_axi_cdma_axi_cdma_pulse_gen__parameterized0 |          2 |          2 |       0 |    0 |     3 |      0 |      0 |          0 |
|           I_SOFT_RST_POS_EDGE_DTCT                                                         |                                                       xlnx_axi_cdma_axi_cdma_pulse_gen__parameterized1 |          1 |          1 |       0 |    0 |     2 |      0 |      0 |          0 |
|           I_SOFT_RST_PULSEGEN                                                              |                                                                       xlnx_axi_cdma_axi_cdma_pulse_gen |          7 |          7 |       0 |    0 |     9 |      0 |      0 |          0 |
|   vio_inst                                                                                 |                                                                                               xlnx_vio |        104 |        104 |       0 |    0 |   245 |      0 |      0 |          0 |
|     (vio_inst)                                                                             |                                                                                               xlnx_vio |          0 |          0 |       0 |    0 |     0 |      0 |      0 |          0 |
|     inst                                                                                   |                                                                               xlnx_vio_vio_v3_0_26_vio |        104 |        104 |       0 |    0 |   245 |      0 |      0 |          0 |
|       (inst)                                                                               |                                                                               xlnx_vio_vio_v3_0_26_vio |          0 |          0 |       0 |    0 |    16 |      0 |      0 |          0 |
|       DECODER_INST                                                                         |                                                                           xlnx_vio_vio_v3_0_26_decoder |         15 |         15 |       0 |    0 |    49 |      0 |      0 |          0 |
|       PROBE_IN_INST                                                                        |                                                                      xlnx_vio_vio_v3_0_26_probe_in_one |          8 |          8 |       0 |    0 |    10 |      0 |      0 |          0 |
|       PROBE_OUT_ALL_INST                                                                   |                                                                     xlnx_vio_vio_v3_0_26_probe_out_all |          4 |          4 |       0 |    0 |     9 |      0 |      0 |          0 |
|         (PROBE_OUT_ALL_INST)                                                               |                                                                     xlnx_vio_vio_v3_0_26_probe_out_all |          2 |          2 |       0 |    0 |     5 |      0 |      0 |          0 |
|         G_PROBE_OUT[0].PROBE_OUT0_INST                                                     |                                                                     xlnx_vio_vio_v3_0_26_probe_out_one |          1 |          1 |       0 |    0 |     2 |      0 |      0 |          0 |
|         G_PROBE_OUT[1].PROBE_OUT0_INST                                                     |                                                     xlnx_vio_vio_v3_0_26_probe_out_one__parameterized0 |          1 |          1 |       0 |    0 |     2 |      0 |      0 |          0 |
|       U_XSDB_SLAVE                                                                         |                                                                            xlnx_vio_xsdbs_v1_0_4_xsdbs |         77 |         77 |       0 |    0 |   161 |      0 |      0 |          0 |
+--------------------------------------------------------------------------------------------+--------------------------------------------------------------------------------------------------------+------------+------------+---------+------+-------+--------+--------+------------+


